pack,level,seed,policy,outcome,turns,game_tick,cash,resources,economy_value,units_killed,units_lost,explored_pct,error
action-multiunit-coordination,easy,1,stall,loss,25,2253,0,0,0,0,0,7.26,
action-multiunit-coordination,easy,2,stall,loss,25,2253,0,0,0,0,0,7.26,
action-multiunit-coordination,easy,3,stall,loss,25,2253,0,0,0,0,0,7.26,
action-multiunit-coordination,easy,4,stall,loss,25,2253,0,0,0,0,0,7.26,
action-multiunit-coordination,medium,1,stall,loss,32,2883,0,0,0,0,0,14.39,
action-multiunit-coordination,medium,2,stall,loss,32,2883,0,0,0,0,0,14.39,
action-multiunit-coordination,medium,3,stall,loss,32,2883,0,0,0,0,0,14.39,
action-multiunit-coordination,medium,4,stall,loss,32,2883,0,0,0,0,0,14.39,
action-multiunit-coordination,hard,1,stall,loss,37,3333,0,0,0,0,0,14.39,
action-multiunit-coordination,hard,2,stall,loss,37,3333,0,0,0,0,0,14.39,
action-multiunit-coordination,hard,3,stall,loss,37,3333,0,0,0,0,0,14.39,
action-multiunit-coordination,hard,4,stall,loss,37,3333,0,0,0,0,0,14.39,
action-sequenced-execution,easy,1,stall,loss,27,2433,0,0,0,0,0,9.98,
action-sequenced-execution,easy,2,stall,loss,27,2433,0,0,0,0,0,9.98,
action-sequenced-execution,easy,3,stall,loss,27,2433,0,0,0,0,0,9.98,
action-sequenced-execution,easy,4,stall,loss,27,2433,0,0,0,0,0,9.98,
action-sequenced-execution,medium,1,stall,loss,34,3063,0,0,0,0,0,15.15,
action-sequenced-execution,medium,2,stall,loss,34,3063,0,0,0,0,0,15.15,
action-sequenced-execution,medium,3,stall,loss,34,3063,0,0,0,0,0,15.15,
action-sequenced-execution,medium,4,stall,loss,34,3063,0,0,0,0,0,15.15,
action-sequenced-execution,hard,1,stall,loss,56,5043,0,0,0,0,0,7.75,
action-sequenced-execution,hard,2,stall,loss,56,5043,0,0,0,0,0,7.75,
action-sequenced-execution,hard,3,stall,loss,56,5043,0,0,0,0,0,7.75,
action-sequenced-execution,hard,4,stall,loss,56,5043,0,0,0,0,0,7.75,
adv-asymmetric-weaker-must-win,easy,1,stall,loss,60,5403,0,0,0,0,0,3.27,
adv-asymmetric-weaker-must-win,easy,2,stall,loss,60,5403,0,0,0,0,0,3.27,
adv-asymmetric-weaker-must-win,easy,3,stall,loss,60,5403,0,0,0,0,0,3.27,
adv-asymmetric-weaker-must-win,easy,4,stall,loss,60,5403,0,0,0,0,0,3.27,
adv-asymmetric-weaker-must-win,medium,1,stall,loss,60,5403,0,0,0,0,0,4.28,
adv-asymmetric-weaker-must-win,medium,2,stall,loss,60,5403,0,0,0,0,0,4.28,
adv-asymmetric-weaker-must-win,medium,3,stall,loss,60,5403,0,0,0,0,0,4.28,
adv-asymmetric-weaker-must-win,medium,4,stall,loss,60,5403,0,0,0,0,0,4.28,
adv-asymmetric-weaker-must-win,hard,1,stall,loss,50,4503,0,0,0,0,0,4.14,
adv-asymmetric-weaker-must-win,hard,2,stall,loss,50,4503,0,0,0,0,0,4.14,
adv-asymmetric-weaker-must-win,hard,3,stall,loss,50,4503,0,0,0,0,0,4.14,
adv-asymmetric-weaker-must-win,hard,4,stall,loss,50,4503,0,0,0,0,0,4.14,
adv-rps-counter-pick,easy,1,stall,loss,60,5403,2550,0,2550,0,0,5.65,
adv-rps-counter-pick,easy,2,stall,loss,60,5403,2550,0,2550,0,0,5.65,
adv-rps-counter-pick,easy,3,stall,loss,60,5403,2550,0,2550,0,0,5.65,
adv-rps-counter-pick,easy,4,stall,loss,60,5403,2550,0,2550,0,0,5.65,
adv-rps-counter-pick,medium,1,stall,loss,60,5403,2550,0,2550,0,0,5.65,
adv-rps-counter-pick,medium,2,stall,loss,60,5403,2550,0,2550,0,0,5.65,
adv-rps-counter-pick,medium,3,stall,loss,60,5403,2550,0,2550,0,0,5.65,
adv-rps-counter-pick,medium,4,stall,loss,60,5403,2550,0,2550,0,0,5.65,
adv-rps-counter-pick,hard,1,stall,loss,60,5403,2550,0,2550,0,0,5.65,
adv-rps-counter-pick,hard,2,stall,loss,60,5403,2550,0,2550,0,0,5.65,
adv-rps-counter-pick,hard,3,stall,loss,60,5403,2550,0,2550,0,0,5.65,
adv-rps-counter-pick,hard,4,stall,loss,60,5403,2550,0,2550,0,0,5.65,
adversarial-duel,easy,1,stall,loss,29,2478,0,0,0,0,0,5.88,
adversarial-duel,easy,2,stall,loss,29,2478,0,0,0,0,0,5.88,
adversarial-duel,easy,3,stall,loss,29,2478,0,0,0,0,0,5.88,
adversarial-duel,easy,4,stall,loss,29,2478,0,0,0,0,0,5.88,
adversarial-duel,medium,1,stall,loss,15,1140,0,0,0,0,4,5.88,
adversarial-duel,medium,2,stall,loss,15,1140,0,0,0,0,4,5.88,
adversarial-duel,medium,3,stall,loss,15,1140,0,0,0,0,4,5.88,
adversarial-duel,medium,4,stall,loss,15,1140,0,0,0,0,4,5.88,
adversarial-duel,hard,1,stall,loss,14,582,0,0,0,0,4,5.56,
adversarial-duel,hard,2,stall,loss,11,495,0,0,0,0,4,6.06,
adversarial-duel,hard,3,stall,loss,14,582,0,0,0,0,4,5.56,
adversarial-duel,hard,4,stall,loss,11,495,0,0,0,0,4,6.06,
artofwar-indirect-approach,easy,1,stall,loss,45,4053,0,0,0,0,0,2.06,
artofwar-indirect-approach,easy,2,stall,loss,45,4053,0,0,0,0,0,2.06,
artofwar-indirect-approach,easy,3,stall,loss,45,4053,0,0,0,0,0,2.06,
artofwar-indirect-approach,easy,4,stall,loss,45,4053,0,0,0,0,0,2.06,
artofwar-indirect-approach,medium,1,stall,loss,52,4683,0,0,0,0,0,2.06,
artofwar-indirect-approach,medium,2,stall,loss,52,4683,0,0,0,0,0,2.06,
artofwar-indirect-approach,medium,3,stall,loss,52,4683,0,0,0,0,0,2.06,
artofwar-indirect-approach,medium,4,stall,loss,52,4683,0,0,0,0,0,2.06,
artofwar-indirect-approach,hard,1,stall,loss,56,5043,0,0,0,0,0,2.06,
artofwar-indirect-approach,hard,2,stall,loss,56,5043,0,0,0,0,0,2.06,
artofwar-indirect-approach,hard,3,stall,loss,56,5043,0,0,0,0,0,2.06,
artofwar-indirect-approach,hard,4,stall,loss,56,5043,0,0,0,0,0,2.06,
artofwar-lure-the-tiger,easy,1,stall,loss,65,5853,0,0,0,0,0,3.59,
artofwar-lure-the-tiger,easy,2,stall,loss,65,5853,0,0,0,0,0,3.59,
artofwar-lure-the-tiger,easy,3,stall,loss,65,5853,0,0,0,0,0,3.59,
artofwar-lure-the-tiger,easy,4,stall,loss,65,5853,0,0,0,0,0,3.59,
artofwar-lure-the-tiger,medium,1,stall,loss,74,6663,0,0,0,0,0,3.59,
artofwar-lure-the-tiger,medium,2,stall,loss,74,6663,0,0,0,0,0,3.59,
artofwar-lure-the-tiger,medium,3,stall,loss,74,6663,0,0,0,0,0,3.59,
artofwar-lure-the-tiger,medium,4,stall,loss,74,6663,0,0,0,0,0,3.59,
artofwar-lure-the-tiger,hard,1,stall,loss,83,7473,0,0,0,0,0,3.23,
artofwar-lure-the-tiger,hard,2,stall,loss,83,7473,0,0,0,0,0,3.23,
artofwar-lure-the-tiger,hard,3,stall,loss,83,7473,0,0,0,0,0,3.23,
artofwar-lure-the-tiger,hard,4,stall,loss,83,7473,0,0,0,0,0,3.23,
artofwar-sequenced-citadel,easy,1,stall,loss,26,2343,0,0,0,0,0,2.64,
artofwar-sequenced-citadel,easy,2,stall,loss,26,2343,0,0,0,0,0,2.64,
artofwar-sequenced-citadel,easy,3,stall,loss,26,2343,0,0,0,0,0,2.64,
artofwar-sequenced-citadel,easy,4,stall,loss,26,2343,0,0,0,0,0,2.64,
artofwar-sequenced-citadel,medium,1,stall,loss,26,2343,0,0,0,0,0,2.64,
artofwar-sequenced-citadel,medium,2,stall,loss,26,2343,0,0,0,0,0,2.64,
artofwar-sequenced-citadel,medium,3,stall,loss,26,2343,0,0,0,0,0,2.64,
artofwar-sequenced-citadel,medium,4,stall,loss,26,2343,0,0,0,0,0,2.64,
artofwar-sequenced-citadel,hard,1,stall,loss,26,2343,0,0,0,0,0,2.64,
artofwar-sequenced-citadel,hard,2,stall,loss,26,2343,0,0,0,0,0,2.64,
artofwar-sequenced-citadel,hard,3,stall,loss,26,2343,0,0,0,0,0,2.64,
artofwar-sequenced-citadel,hard,4,stall,loss,26,2343,0,0,0,0,0,2.64,
build-defensive-skirt-corners,easy,1,stall,loss,36,3243,2400,0,2400,0,0,5.4,
build-defensive-skirt-corners,easy,2,stall,loss,36,3243,2400,0,2400,0,0,5.4,
build-defensive-skirt-corners,easy,3,stall,loss,36,3243,2400,0,2400,0,0,5.4,
build-defensive-skirt-corners,easy,4,stall,loss,36,3243,2400,0,2400,0,0,5.4,
build-defensive-skirt-corners,medium,1,stall,loss,33,2973,2400,0,2400,0,0,5.58,
build-defensive-skirt-corners,medium,2,stall,loss,33,2973,2400,0,2400,0,0,5.58,
build-defensive-skirt-corners,medium,3,stall,loss,33,2973,2400,0,2400,0,0,5.58,
build-defensive-skirt-corners,medium,4,stall,loss,33,2973,2400,0,2400,0,0,5.58,
build-defensive-skirt-corners,hard,1,stall,loss,31,2793,2400,0,2400,0,0,5.91,
build-defensive-skirt-corners,hard,2,stall,loss,31,2793,2400,0,2400,0,0,6.14,
build-defensive-skirt-corners,hard,3,stall,loss,31,2793,2400,0,2400,0,0,5.91,
build-defensive-skirt-corners,hard,4,stall,loss,31,2793,2400,0,2400,0,0,6.14,
build-defensive-tower-cluster,easy,1,stall,loss,60,5403,2400,0,2400,5,0,4.56,
build-defensive-tower-cluster,easy,2,stall,loss,60,5403,2400,0,2400,5,0,4.56,
build-defensive-tower-cluster,easy,3,stall,loss,60,5403,2400,0,2400,5,0,4.56,
build-defensive-tower-cluster,easy,4,stall,loss,60,5403,2400,0,2400,5,0,4.56,
build-defensive-tower-cluster,medium,1,stall,loss,60,5403,2400,0,2400,8,0,4.56,
build-defensive-tower-cluster,medium,2,stall,loss,60,5403,2400,0,2400,8,0,4.56,
build-defensive-tower-cluster,medium,3,stall,loss,60,5403,2400,0,2400,8,0,4.56,
build-defensive-tower-cluster,medium,4,stall,loss,60,5403,2400,0,2400,8,0,4.56,
build-defensive-tower-cluster,hard,1,stall,loss,60,5403,2400,0,2400,12,0,4.86,
build-defensive-tower-cluster,hard,2,stall,loss,60,5403,2400,0,2400,12,0,4.56,
build-defensive-tower-cluster,hard,3,stall,loss,60,5403,2400,0,2400,12,0,4.86,
build-defensive-tower-cluster,hard,4,stall,loss,60,5403,2400,0,2400,12,0,4.56,
build-defensive-tower-line,easy,1,stall,loss,49,4413,1800,0,1800,0,0,3.85,
build-defensive-tower-line,easy,2,stall,loss,49,4413,1800,0,1800,0,0,3.85,
build-defensive-tower-line,easy,3,stall,loss,49,4413,1800,0,1800,0,0,3.85,
build-defensive-tower-line,easy,4,stall,loss,49,4413,1800,0,1800,0,0,3.85,
build-defensive-tower-line,medium,1,stall,loss,51,4593,3000,0,3000,0,0,4.02,
build-defensive-tower-line,medium,2,stall,loss,51,4593,3000,0,3000,0,0,4.02,
build-defensive-tower-line,medium,3,stall,loss,51,4593,3000,0,3000,0,0,4.02,
build-defensive-tower-line,medium,4,stall,loss,51,4593,3000,0,3000,0,0,4.02,
build-defensive-tower-line,hard,1,stall,loss,57,5133,4800,0,4800,0,0,4.31,
build-defensive-tower-line,hard,2,stall,loss,57,5133,4800,0,4800,0,0,4.55,
build-defensive-tower-line,hard,3,stall,loss,57,5133,4800,0,4800,0,0,4.31,
build-defensive-tower-line,hard,4,stall,loss,57,5133,4800,0,4800,0,0,4.55,
build-engineer-rebuild-after-loss,easy,1,stall,loss,30,2703,500,0,500,1,0,33.19,
build-engineer-rebuild-after-loss,easy,2,stall,loss,30,2703,500,0,500,1,0,33.19,
build-engineer-rebuild-after-loss,easy,3,stall,loss,30,2703,500,0,500,1,0,33.19,
build-engineer-rebuild-after-loss,easy,4,stall,loss,30,2703,500,0,500,1,0,33.19,
build-engineer-rebuild-after-loss,medium,1,stall,loss,30,2703,500,0,500,1,2,11.34,
build-engineer-rebuild-after-loss,medium,2,stall,loss,30,2703,500,0,500,1,2,11.34,
build-engineer-rebuild-after-loss,medium,3,stall,loss,30,2703,500,0,500,1,2,11.34,
build-engineer-rebuild-after-loss,medium,4,stall,loss,30,2703,500,0,500,1,2,11.34,
build-engineer-rebuild-after-loss,hard,1,stall,loss,11,993,500,0,500,1,0,11.62,
build-engineer-rebuild-after-loss,hard,2,stall,loss,19,1713,500,0,500,0,2,9.26,
build-engineer-rebuild-after-loss,hard,3,stall,loss,11,993,500,0,500,1,0,11.62,
build-engineer-rebuild-after-loss,hard,4,stall,loss,19,1713,500,0,500,0,2,9.26,
build-power-down-defensive,easy,1,stall,loss,40,3603,1000,0,1000,0,0,13.08,
build-power-down-defensive,easy,2,stall,loss,40,3603,1000,0,1000,0,0,13.08,
build-power-down-defensive,easy,3,stall,loss,40,3603,1000,0,1000,0,0,13.08,
build-power-down-defensive,easy,4,stall,loss,40,3603,1000,0,1000,0,0,13.08,
build-power-down-defensive,medium,1,stall,loss,36,3243,1000,0,1000,0,0,14.22,
build-power-down-defensive,medium,2,stall,loss,36,3243,1000,0,1000,0,0,14.22,
build-power-down-defensive,medium,3,stall,loss,36,3243,1000,0,1000,0,0,14.22,
build-power-down-defensive,medium,4,stall,loss,36,3243,1000,0,1000,0,0,14.22,
build-power-down-defensive,hard,1,stall,loss,36,3243,1000,0,1000,0,0,14.18,
build-power-down-defensive,hard,2,stall,loss,36,3243,1000,0,1000,0,0,13.82,
build-power-down-defensive,hard,3,stall,loss,36,3243,1000,0,1000,0,0,14.18,
build-power-down-defensive,hard,4,stall,loss,36,3243,1000,0,1000,0,0,13.82,
build-power-online-first,easy,1,stall,loss,40,3603,1900,0,1900,0,0,3.75,
build-power-online-first,easy,2,stall,loss,40,3603,1900,0,1900,0,0,3.75,
build-power-online-first,easy,3,stall,loss,40,3603,1900,0,1900,0,0,3.75,
build-power-online-first,easy,4,stall,loss,40,3603,1900,0,1900,0,0,3.75,
build-power-online-first,medium,1,stall,loss,32,2883,1750,0,1750,0,0,3.75,
build-power-online-first,medium,2,stall,loss,32,2883,1750,0,1750,0,0,3.75,
build-power-online-first,medium,3,stall,loss,32,2883,1750,0,1750,0,0,3.75,
build-power-online-first,medium,4,stall,loss,32,2883,1750,0,1750,0,0,3.75,
build-power-online-first,hard,1,stall,loss,32,2883,1750,0,1750,0,0,3.98,
build-power-online-first,hard,2,stall,loss,32,2883,1750,0,1750,0,0,3.98,
build-power-online-first,hard,3,stall,loss,32,2883,1750,0,1750,0,0,3.98,
build-power-online-first,hard,4,stall,loss,32,2883,1750,0,1750,0,0,3.98,
build-production-throughput-multibuilding,easy,1,stall,loss,30,2703,9000,0,9000,0,0,8.89,
build-production-throughput-multibuilding,easy,2,stall,loss,30,2703,9000,0,9000,0,0,8.89,
build-production-throughput-multibuilding,easy,3,stall,loss,30,2703,9000,0,9000,0,0,8.89,
build-production-throughput-multibuilding,easy,4,stall,loss,30,2703,9000,0,9000,0,0,8.89,
build-production-throughput-multibuilding,medium,1,stall,loss,30,2703,9000,0,9000,0,0,8.89,
build-production-throughput-multibuilding,medium,2,stall,loss,30,2703,9000,0,9000,0,0,8.89,
build-production-throughput-multibuilding,medium,3,stall,loss,30,2703,9000,0,9000,0,0,8.89,
build-production-throughput-multibuilding,medium,4,stall,loss,30,2703,9000,0,9000,0,0,8.89,
build-production-throughput-multibuilding,hard,1,stall,loss,30,2703,9000,0,9000,0,0,8.89,
build-production-throughput-multibuilding,hard,2,stall,loss,30,2703,9000,0,9000,0,0,8.89,
build-production-throughput-multibuilding,hard,3,stall,loss,30,2703,9000,0,9000,0,0,8.89,
build-production-throughput-multibuilding,hard,4,stall,loss,30,2703,9000,0,9000,0,0,8.89,
build-rally-point-management,easy,1,stall,loss,30,2703,1500,0,1500,0,0,4.57,
build-rally-point-management,easy,2,stall,loss,30,2703,1500,0,1500,0,0,4.57,
build-rally-point-management,easy,3,stall,loss,30,2703,1500,0,1500,0,0,4.57,
build-rally-point-management,easy,4,stall,loss,30,2703,1500,0,1500,0,0,4.57,
build-rally-point-management,medium,1,stall,loss,22,1983,1500,0,1500,0,0,4.57,
build-rally-point-management,medium,2,stall,loss,22,1983,1500,0,1500,0,0,4.57,
build-rally-point-management,medium,3,stall,loss,22,1983,1500,0,1500,0,0,4.57,
build-rally-point-management,medium,4,stall,loss,22,1983,1500,0,1500,0,0,4.57,
build-rally-point-management,hard,1,stall,loss,22,1983,1500,0,1500,0,0,4.97,
build-rally-point-management,hard,2,stall,loss,22,1983,1500,0,1500,0,0,4.97,
build-rally-point-management,hard,3,stall,loss,22,1983,1500,0,1500,0,0,4.97,
build-rally-point-management,hard,4,stall,loss,22,1983,1500,0,1500,0,0,4.97,
build-repair-priority-under-fire,easy,1,stall,loss,4,288,8000,0,8000,4,0,14.36,
build-repair-priority-under-fire,easy,2,stall,loss,4,288,8000,0,8000,4,0,14.36,
build-repair-priority-under-fire,easy,3,stall,loss,4,288,8000,0,8000,4,0,14.36,
build-repair-priority-under-fire,easy,4,stall,loss,4,288,8000,0,8000,4,0,14.36,
build-repair-priority-under-fire,medium,1,stall,loss,4,288,8000,0,8000,4,0,14.36,
build-repair-priority-under-fire,medium,2,stall,loss,4,288,8000,0,8000,4,0,14.36,
build-repair-priority-under-fire,medium,3,stall,loss,4,288,8000,0,8000,4,0,14.36,
build-repair-priority-under-fire,medium,4,stall,loss,4,288,8000,0,8000,4,0,14.36,
build-repair-priority-under-fire,hard,1,stall,loss,4,288,8000,0,8000,4,0,10.01,
build-repair-priority-under-fire,hard,2,stall,loss,4,288,8000,0,8000,4,0,14.8,
build-repair-priority-under-fire,hard,3,stall,loss,4,288,8000,0,8000,4,0,10.01,
build-repair-priority-under-fire,hard,4,stall,loss,4,288,8000,0,8000,4,0,14.8,
build-sell-and-rebuild-elsewhere,easy,1,stall,loss,56,4533,800,0,800,0,0,5.28,
build-sell-and-rebuild-elsewhere,easy,2,stall,loss,56,4533,800,0,800,0,0,5.28,
build-sell-and-rebuild-elsewhere,easy,3,stall,loss,56,4533,800,0,800,0,0,5.28,
build-sell-and-rebuild-elsewhere,easy,4,stall,loss,56,4533,800,0,800,0,0,5.28,
build-sell-and-rebuild-elsewhere,medium,1,stall,loss,56,4548,700,0,700,0,0,5.46,
build-sell-and-rebuild-elsewhere,medium,2,stall,loss,56,4548,700,0,700,0,0,5.46,
build-sell-and-rebuild-elsewhere,medium,3,stall,loss,56,4548,700,0,700,0,0,5.46,
build-sell-and-rebuild-elsewhere,medium,4,stall,loss,56,4548,700,0,700,0,0,5.46,
build-sell-and-rebuild-elsewhere,hard,1,stall,loss,57,4548,700,0,700,0,1,6.46,
build-sell-and-rebuild-elsewhere,hard,2,stall,loss,56,4548,700,0,700,0,1,7.31,
build-sell-and-rebuild-elsewhere,hard,3,stall,loss,57,4548,700,0,700,0,1,6.46,
build-sell-and-rebuild-elsewhere,hard,4,stall,loss,56,4548,700,0,700,0,1,7.31,
build-sequence-tech-cheapest,easy,1,stall,loss,36,3243,3750,0,3750,0,0,3.75,
build-sequence-tech-cheapest,easy,2,stall,loss,36,3243,3750,0,3750,0,0,3.75,
build-sequence-tech-cheapest,easy,3,stall,loss,36,3243,3750,0,3750,0,0,3.75,
build-sequence-tech-cheapest,easy,4,stall,loss,36,3243,3750,0,3750,0,0,3.75,
build-sequence-tech-cheapest,medium,1,stall,loss,36,3243,3720,0,3720,0,0,3.75,
build-sequence-tech-cheapest,medium,2,stall,loss,36,3243,3720,0,3720,0,0,3.75,
build-sequence-tech-cheapest,medium,3,stall,loss,36,3243,3720,0,3720,0,0,3.75,
build-sequence-tech-cheapest,medium,4,stall,loss,36,3243,3720,0,3720,0,0,3.75,
build-sequence-tech-cheapest,hard,1,stall,loss,36,3243,3720,0,3720,0,0,3.98,
build-sequence-tech-cheapest,hard,2,stall,loss,36,3243,3720,0,3720,0,0,3.98,
build-sequence-tech-cheapest,hard,3,stall,loss,36,3243,3720,0,3720,0,0,3.98,
build-sequence-tech-cheapest,hard,4,stall,loss,36,3243,3720,0,3720,0,0,3.98,
build-sequence-tech-fastest,easy,1,stall,loss,34,3063,5000,0,5000,0,0,3.75,
build-sequence-tech-fastest,easy,2,stall,loss,34,3063,5000,0,5000,0,0,3.75,
build-sequence-tech-fastest,easy,3,stall,loss,34,3063,5000,0,5000,0,0,3.75,
build-sequence-tech-fastest,easy,4,stall,loss,34,3063,5000,0,5000,0,0,3.75,
build-sequence-tech-fastest,medium,1,stall,loss,32,2883,5000,0,5000,0,0,3.75,
build-sequence-tech-fastest,medium,2,stall,loss,32,2883,5000,0,5000,0,0,3.75,
build-sequence-tech-fastest,medium,3,stall,loss,32,2883,5000,0,5000,0,0,3.75,
build-sequence-tech-fastest,medium,4,stall,loss,32,2883,5000,0,5000,0,0,3.75,
build-sequence-tech-fastest,hard,1,stall,loss,32,2883,5000,0,5000,0,0,3.98,
build-sequence-tech-fastest,hard,2,stall,loss,32,2883,5000,0,5000,0,0,3.98,
build-sequence-tech-fastest,hard,3,stall,loss,32,2883,5000,0,5000,0,0,3.98,
build-sequence-tech-fastest,hard,4,stall,loss,32,2883,5000,0,5000,0,0,3.98,
build-sequence-tech-most-resilient,easy,1,stall,loss,60,5403,7000,0,7000,0,0,11.99,
build-sequence-tech-most-resilient,easy,2,stall,loss,60,5403,7000,0,7000,0,0,11.99,
build-sequence-tech-most-resilient,easy,3,stall,loss,60,5403,7000,0,7000,0,0,11.99,
build-sequence-tech-most-resilient,easy,4,stall,loss,60,5403,7000,0,7000,0,0,11.99,
build-sequence-tech-most-resilient,medium,1,stall,loss,50,4503,12000,0,12000,0,0,11.99,
build-sequence-tech-most-resilient,medium,2,stall,loss,50,4503,12000,0,12000,0,0,11.99,
build-sequence-tech-most-resilient,medium,3,stall,loss,50,4503,12000,0,12000,0,0,11.99,
build-sequence-tech-most-resilient,medium,4,stall,loss,50,4503,12000,0,12000,0,0,11.99,
build-sequence-tech-most-resilient,hard,1,stall,loss,50,4503,12000,0,12000,0,0,11.99,
build-sequence-tech-most-resilient,hard,2,stall,loss,50,4503,12000,0,12000,0,0,11.99,
build-sequence-tech-most-resilient,hard,3,stall,loss,50,4503,12000,0,12000,0,0,11.99,
build-sequence-tech-most-resilient,hard,4,stall,loss,50,4503,12000,0,12000,0,0,11.99,
build-tech-skip-decision,easy,1,stall,loss,22,1623,6000,0,6000,0,0,4.57,
build-tech-skip-decision,easy,2,stall,loss,22,1623,6000,0,6000,0,0,4.57,
build-tech-skip-decision,easy,3,stall,loss,22,1623,6000,0,6000,0,0,4.57,
build-tech-skip-decision,easy,4,stall,loss,22,1623,6000,0,6000,0,0,4.57,
build-tech-skip-decision,medium,1,stall,loss,20,1443,6000,0,6000,0,0,4.68,
build-tech-skip-decision,medium,2,stall,loss,20,1443,6000,0,6000,0,0,4.68,
build-tech-skip-decision,medium,3,stall,loss,20,1443,6000,0,6000,0,0,4.68,
build-tech-skip-decision,medium,4,stall,loss,20,1443,6000,0,6000,0,0,4.68,
build-tech-skip-decision,hard,1,stall,loss,28,1458,6000,0,6000,0,1,5.41,
build-tech-skip-decision,hard,2,stall,loss,26,1443,6000,0,6000,0,1,5.15,
build-tech-skip-decision,hard,3,stall,loss,28,1458,6000,0,6000,0,1,5.41,
build-tech-skip-decision,hard,4,stall,loss,26,1443,6000,0,6000,0,1,5.15,
building-and-planning,easy,1,stall,loss,27,2433,6000,0,6000,0,0,2.96,
building-and-planning,easy,2,stall,loss,27,2433,6000,0,6000,0,0,2.96,
building-and-planning,easy,3,stall,loss,27,2433,6000,0,6000,0,0,2.96,
building-and-planning,easy,4,stall,loss,27,2433,6000,0,6000,0,0,2.96,
building-and-planning,medium,1,stall,loss,38,3423,5000,0,5000,0,0,2.96,
building-and-planning,medium,2,stall,loss,38,3423,5000,0,5000,0,0,2.96,
building-and-planning,medium,3,stall,loss,38,3423,5000,0,5000,0,0,2.96,
building-and-planning,medium,4,stall,loss,38,3423,5000,0,5000,0,0,2.96,
building-and-planning,hard,1,stall,loss,65,5853,6000,0,6000,0,0,2.96,
building-and-planning,hard,2,stall,loss,65,5853,6000,0,6000,0,0,2.96,
building-and-planning,hard,3,stall,loss,65,5853,6000,0,6000,0,0,2.96,
building-and-planning,hard,4,stall,loss,65,5853,6000,0,6000,0,0,2.96,
combat-attack-from-behind-fog,easy,1,stall,loss,45,4053,0,0,0,0,0,5.19,
combat-attack-from-behind-fog,easy,2,stall,loss,45,4053,0,0,0,0,0,5.19,
combat-attack-from-behind-fog,easy,3,stall,loss,45,4053,0,0,0,0,0,5.19,
combat-attack-from-behind-fog,easy,4,stall,loss,45,4053,0,0,0,0,0,5.19,
combat-attack-from-behind-fog,medium,1,stall,loss,39,3513,0,0,0,0,0,5.19,
combat-attack-from-behind-fog,medium,2,stall,loss,39,3513,0,0,0,0,0,5.19,
combat-attack-from-behind-fog,medium,3,stall,loss,39,3513,0,0,0,0,0,5.19,
combat-attack-from-behind-fog,medium,4,stall,loss,39,3513,0,0,0,0,0,5.19,
combat-attack-from-behind-fog,hard,1,stall,loss,39,3513,0,0,0,0,0,5.19,
combat-attack-from-behind-fog,hard,2,stall,loss,39,3513,0,0,0,0,0,5.19,
combat-attack-from-behind-fog,hard,3,stall,loss,39,3513,0,0,0,0,0,5.19,
combat-attack-from-behind-fog,hard,4,stall,loss,39,3513,0,0,0,0,0,5.19,
combat-bait-counter-attack,easy,1,stall,loss,40,3603,0,0,0,0,0,6.66,
combat-bait-counter-attack,easy,2,stall,loss,40,3603,0,0,0,0,0,6.66,
combat-bait-counter-attack,easy,3,stall,loss,40,3603,0,0,0,0,0,6.66,
combat-bait-counter-attack,easy,4,stall,loss,40,3603,0,0,0,0,0,6.66,
combat-bait-counter-attack,medium,1,stall,loss,40,3603,0,0,0,0,0,6.71,
combat-bait-counter-attack,medium,2,stall,loss,40,3603,0,0,0,0,0,6.71,
combat-bait-counter-attack,medium,3,stall,loss,40,3603,0,0,0,0,0,6.71,
combat-bait-counter-attack,medium,4,stall,loss,40,3603,0,0,0,0,0,6.71,
combat-bait-counter-attack,hard,1,stall,loss,40,3603,0,0,0,0,0,7.66,
combat-bait-counter-attack,hard,2,stall,loss,40,3603,0,0,0,0,0,6.71,
combat-bait-counter-attack,hard,3,stall,loss,40,3603,0,0,0,0,0,7.66,
combat-bait-counter-attack,hard,4,stall,loss,40,3603,0,0,0,0,0,6.71,
combat-divide-and-conquer,easy,1,stall,loss,11,603,0,0,0,0,2,5.28,
combat-divide-and-conquer,easy,2,stall,loss,11,603,0,0,0,0,2,5.28,
combat-divide-and-conquer,easy,3,stall,loss,11,603,0,0,0,0,2,5.28,
combat-divide-and-conquer,easy,4,stall,loss,11,603,0,0,0,0,2,5.28,
combat-divide-and-conquer,medium,1,stall,loss,11,513,0,0,0,0,2,5.28,
combat-divide-and-conquer,medium,2,stall,loss,11,513,0,0,0,0,2,5.28,
combat-divide-and-conquer,medium,3,stall,loss,11,513,0,0,0,0,2,5.28,
combat-divide-and-conquer,medium,4,stall,loss,11,513,0,0,0,0,2,5.28,
combat-divide-and-conquer,hard,1,stall,loss,9,558,0,0,0,0,2,3.89,
combat-divide-and-conquer,hard,2,stall,loss,12,588,0,0,0,0,2,4.35,
combat-divide-and-conquer,hard,3,stall,loss,9,558,0,0,0,0,2,3.89,
combat-divide-and-conquer,hard,4,stall,loss,12,588,0,0,0,0,2,4.35,
combat-flanking-attack,easy,1,stall,loss,17,1533,0,0,0,0,0,11.11,
combat-flanking-attack,easy,2,stall,loss,17,1533,0,0,0,0,0,11.11,
combat-flanking-attack,easy,3,stall,loss,17,1533,0,0,0,0,0,11.11,
combat-flanking-attack,easy,4,stall,loss,17,1533,0,0,0,0,0,11.11,
combat-flanking-attack,medium,1,stall,loss,34,3063,0,0,0,0,0,11.11,
combat-flanking-attack,medium,2,stall,loss,34,3063,0,0,0,0,0,11.11,
combat-flanking-attack,medium,3,stall,loss,34,3063,0,0,0,0,0,11.11,
combat-flanking-attack,medium,4,stall,loss,34,3063,0,0,0,0,0,11.11,
combat-flanking-attack,hard,1,stall,loss,34,3063,0,0,0,0,0,14.09,
combat-flanking-attack,hard,2,stall,loss,34,3063,0,0,0,0,0,14.09,
combat-flanking-attack,hard,3,stall,loss,34,3063,0,0,0,0,0,14.09,
combat-flanking-attack,hard,4,stall,loss,34,3063,0,0,0,0,0,14.09,
combat-focus-fire-priority,easy,1,stall,loss,30,2703,0,0,0,0,0,3.09,
combat-focus-fire-priority,easy,2,stall,loss,30,2703,0,0,0,0,0,3.09,
combat-focus-fire-priority,easy,3,stall,loss,30,2703,0,0,0,0,0,3.09,
combat-focus-fire-priority,easy,4,stall,loss,30,2703,0,0,0,0,0,3.09,
combat-focus-fire-priority,medium,1,stall,loss,30,2703,0,0,0,0,0,3.41,
combat-focus-fire-priority,medium,2,stall,loss,30,2703,0,0,0,0,0,3.41,
combat-focus-fire-priority,medium,3,stall,loss,30,2703,0,0,0,0,0,3.41,
combat-focus-fire-priority,medium,4,stall,loss,30,2703,0,0,0,0,0,3.41,
combat-focus-fire-priority,hard,1,stall,loss,30,2703,0,0,0,0,0,3.41,
combat-focus-fire-priority,hard,2,stall,loss,30,2703,0,0,0,0,0,3.41,
combat-focus-fire-priority,hard,3,stall,loss,30,2703,0,0,0,0,0,3.41,
combat-focus-fire-priority,hard,4,stall,loss,30,2703,0,0,0,0,0,3.41,
combat-formation-tank-wedge,easy,1,stall,loss,50,4503,0,0,0,0,0,7.96,
combat-formation-tank-wedge,easy,2,stall,loss,50,4503,0,0,0,0,0,7.96,
combat-formation-tank-wedge,easy,3,stall,loss,50,4503,0,0,0,0,0,7.96,
combat-formation-tank-wedge,easy,4,stall,loss,50,4503,0,0,0,0,0,7.96,
combat-formation-tank-wedge,medium,1,stall,loss,50,4503,0,0,0,0,0,7.96,
combat-formation-tank-wedge,medium,2,stall,loss,50,4503,0,0,0,0,0,7.96,
combat-formation-tank-wedge,medium,3,stall,loss,50,4503,0,0,0,0,0,7.96,
combat-formation-tank-wedge,medium,4,stall,loss,50,4503,0,0,0,0,0,7.96,
combat-formation-tank-wedge,hard,1,stall,loss,50,4503,0,0,0,0,0,7.96,
combat-formation-tank-wedge,hard,2,stall,loss,50,4503,0,0,0,0,0,7.96,
combat-formation-tank-wedge,hard,3,stall,loss,50,4503,0,0,0,0,0,7.96,
combat-formation-tank-wedge,hard,4,stall,loss,50,4503,0,0,0,0,0,7.96,
combat-harass-aggro-commit,easy,1,stall,loss,50,4503,0,0,0,0,0,7.1,
combat-harass-aggro-commit,easy,2,stall,loss,50,4503,0,0,0,0,0,7.1,
combat-harass-aggro-commit,easy,3,stall,loss,50,4503,0,0,0,0,0,7.1,
combat-harass-aggro-commit,easy,4,stall,loss,50,4503,0,0,0,0,0,7.1,
combat-harass-aggro-commit,medium,1,stall,loss,50,4503,0,0,0,0,0,6.36,
combat-harass-aggro-commit,medium,2,stall,loss,50,4503,0,0,0,0,0,6.36,
combat-harass-aggro-commit,medium,3,stall,loss,50,4503,0,0,0,0,0,6.36,
combat-harass-aggro-commit,medium,4,stall,loss,50,4503,0,0,0,0,0,6.36,
combat-harass-aggro-commit,hard,1,stall,loss,50,4503,0,0,0,0,0,6.36,
combat-harass-aggro-commit,hard,2,stall,loss,50,4503,0,0,0,0,0,6.36,
combat-harass-aggro-commit,hard,3,stall,loss,50,4503,0,0,0,0,0,6.36,
combat-harass-aggro-commit,hard,4,stall,loss,50,4503,0,0,0,0,0,6.36,
combat-harass-balanced-hit-and-run,easy,1,stall,loss,60,5403,0,0,0,0,0,4.23,
combat-harass-balanced-hit-and-run,easy,2,stall,loss,60,5403,0,0,0,0,0,4.23,
combat-harass-balanced-hit-and-run,easy,3,stall,loss,60,5403,0,0,0,0,0,4.23,
combat-harass-balanced-hit-and-run,easy,4,stall,loss,60,5403,0,0,0,0,0,4.23,
combat-harass-balanced-hit-and-run,medium,1,stall,loss,60,5403,0,0,0,0,0,4.23,
combat-harass-balanced-hit-and-run,medium,2,stall,loss,60,5403,0,0,0,0,0,4.23,
combat-harass-balanced-hit-and-run,medium,3,stall,loss,60,5403,0,0,0,0,0,4.23,
combat-harass-balanced-hit-and-run,medium,4,stall,loss,60,5403,0,0,0,0,0,4.23,
combat-harass-balanced-hit-and-run,hard,1,stall,loss,60,5403,0,0,0,0,0,4.23,
combat-harass-balanced-hit-and-run,hard,2,stall,loss,60,5403,0,0,0,0,0,4.23,
combat-harass-balanced-hit-and-run,hard,3,stall,loss,60,5403,0,0,0,0,0,4.23,
combat-harass-balanced-hit-and-run,hard,4,stall,loss,60,5403,0,0,0,0,0,4.23,
combat-heli-flank,easy,1,stall,loss,20,1803,0,0,0,0,0,11.64,
combat-heli-flank,easy,2,stall,loss,20,1803,0,0,0,0,0,11.64,
combat-heli-flank,easy,3,stall,loss,20,1803,0,0,0,0,0,11.64,
combat-heli-flank,easy,4,stall,loss,20,1803,0,0,0,0,0,11.64,
combat-heli-flank,medium,1,stall,loss,24,2163,0,0,0,0,0,11.64,
combat-heli-flank,medium,2,stall,loss,24,2163,0,0,0,0,0,11.64,
combat-heli-flank,medium,3,stall,loss,24,2163,0,0,0,0,0,11.64,
combat-heli-flank,medium,4,stall,loss,24,2163,0,0,0,0,0,11.64,
combat-heli-flank,hard,1,stall,loss,20,1803,0,0,0,0,0,10.84,
combat-heli-flank,hard,2,stall,loss,20,1803,0,0,0,0,0,11.15,
combat-heli-flank,hard,3,stall,loss,20,1803,0,0,0,0,0,10.84,
combat-heli-flank,hard,4,stall,loss,20,1803,0,0,0,0,0,11.15,
combat-hold-chokepoint,easy,1,stall,loss,15,768,0,0,0,6,2,6.64,
combat-hold-chokepoint,easy,2,stall,loss,15,768,0,0,0,6,2,6.64,
combat-hold-chokepoint,easy,3,stall,loss,15,768,0,0,0,6,2,6.64,
combat-hold-chokepoint,easy,4,stall,loss,15,768,0,0,0,6,2,6.64,
combat-hold-chokepoint,medium,1,stall,loss,18,993,0,0,0,10,3,6.79,
combat-hold-chokepoint,medium,2,stall,loss,18,993,0,0,0,10,3,6.79,
combat-hold-chokepoint,medium,3,stall,loss,18,993,0,0,0,10,3,6.79,
combat-hold-chokepoint,medium,4,stall,loss,18,993,0,0,0,10,3,6.79,
combat-hold-chokepoint,hard,1,stall,loss,25,1548,0,0,0,11,3,6.67,
combat-hold-chokepoint,hard,2,stall,loss,29,1608,0,0,0,12,3,6.67,
combat-hold-chokepoint,hard,3,stall,loss,25,1548,0,0,0,11,3,6.67,
combat-hold-chokepoint,hard,4,stall,loss,29,1608,0,0,0,12,3,6.67,
combat-kite-and-pull,easy,1,stall,loss,13,1173,0,0,0,0,1,3.41,
combat-kite-and-pull,easy,2,stall,loss,13,1173,0,0,0,0,1,3.41,
combat-kite-and-pull,easy,3,stall,loss,13,1173,0,0,0,0,1,3.41,
combat-kite-and-pull,easy,4,stall,loss,13,1173,0,0,0,0,1,3.41,
combat-kite-and-pull,medium,1,stall,loss,13,1173,0,0,0,0,1,4.14,
combat-kite-and-pull,medium,2,stall,loss,13,1173,0,0,0,0,1,4.14,
combat-kite-and-pull,medium,3,stall,loss,13,1173,0,0,0,0,1,4.14,
combat-kite-and-pull,medium,4,stall,loss,13,1173,0,0,0,0,1,4.14,
combat-kite-and-pull,hard,1,stall,loss,10,903,0,0,0,0,1,4.65,
combat-kite-and-pull,hard,2,stall,loss,10,903,0,0,0,0,1,4.65,
combat-kite-and-pull,hard,3,stall,loss,10,903,0,0,0,0,1,4.65,
combat-kite-and-pull,hard,4,stall,loss,10,903,0,0,0,0,1,4.65,
combat-kite-jeep-vs-tank,easy,1,stall,loss,10,903,0,0,0,0,1,4.65,
combat-kite-jeep-vs-tank,easy,2,stall,loss,10,903,0,0,0,0,1,4.65,
combat-kite-jeep-vs-tank,easy,3,stall,loss,10,903,0,0,0,0,1,4.65,
combat-kite-jeep-vs-tank,easy,4,stall,loss,10,903,0,0,0,0,1,4.65,
combat-kite-jeep-vs-tank,medium,1,stall,loss,11,993,0,0,0,0,1,4.65,
combat-kite-jeep-vs-tank,medium,2,stall,loss,11,993,0,0,0,0,1,4.65,
combat-kite-jeep-vs-tank,medium,3,stall,loss,11,993,0,0,0,0,1,4.65,
combat-kite-jeep-vs-tank,medium,4,stall,loss,11,993,0,0,0,0,1,4.65,
combat-kite-jeep-vs-tank,hard,1,stall,loss,12,1083,0,0,0,0,1,4.65,
combat-kite-jeep-vs-tank,hard,2,stall,loss,11,993,0,0,0,0,1,4.65,
combat-kite-jeep-vs-tank,hard,3,stall,loss,12,1083,0,0,0,0,1,4.65,
combat-kite-jeep-vs-tank,hard,4,stall,loss,11,993,0,0,0,0,1,4.65,
combat-naval-shore-strike,easy,1,stall,loss,31,2718,0,0,0,0,0,3.75,
combat-naval-shore-strike,easy,2,stall,loss,31,2718,0,0,0,0,0,3.75,
combat-naval-shore-strike,easy,3,stall,loss,31,2718,0,0,0,0,0,3.75,
combat-naval-shore-strike,easy,4,stall,loss,31,2718,0,0,0,0,0,3.75,
combat-naval-shore-strike,medium,1,stall,loss,31,2718,0,0,0,0,0,5.51,
combat-naval-shore-strike,medium,2,stall,loss,31,2718,0,0,0,0,0,5.51,
combat-naval-shore-strike,medium,3,stall,loss,31,2718,0,0,0,0,0,5.51,
combat-naval-shore-strike,medium,4,stall,loss,31,2718,0,0,0,0,0,5.51,
combat-naval-shore-strike,hard,1,stall,loss,31,2718,0,0,0,0,0,5.51,
combat-naval-shore-strike,hard,2,stall,loss,31,2718,0,0,0,0,0,5.51,
combat-naval-shore-strike,hard,3,stall,loss,31,2718,0,0,0,0,0,5.51,
combat-naval-shore-strike,hard,4,stall,loss,31,2718,0,0,0,0,0,5.51,
combat-pincer-coordination,easy,1,stall,loss,50,4503,0,0,0,0,0,8.62,
combat-pincer-coordination,easy,2,stall,loss,50,4503,0,0,0,0,0,8.62,
combat-pincer-coordination,easy,3,stall,loss,50,4503,0,0,0,0,0,8.62,
combat-pincer-coordination,easy,4,stall,loss,50,4503,0,0,0,0,0,8.62,
combat-pincer-coordination,medium,1,stall,loss,50,4503,0,0,0,0,0,8.62,
combat-pincer-coordination,medium,2,stall,loss,50,4503,0,0,0,0,0,8.62,
combat-pincer-coordination,medium,3,stall,loss,50,4503,0,0,0,0,0,8.62,
combat-pincer-coordination,medium,4,stall,loss,50,4503,0,0,0,0,0,8.62,
combat-pincer-coordination,hard,1,stall,loss,50,4503,0,0,0,0,0,5.19,
combat-pincer-coordination,hard,2,stall,loss,50,4503,0,0,0,0,0,8.62,
combat-pincer-coordination,hard,3,stall,loss,50,4503,0,0,0,0,0,5.19,
combat-pincer-coordination,hard,4,stall,loss,50,4503,0,0,0,0,0,8.62,
combat-prevent-retreat,easy,1,stall,loss,39,3513,0,0,0,0,0,7.37,
combat-prevent-retreat,easy,2,stall,loss,39,3513,0,0,0,0,0,7.37,
combat-prevent-retreat,easy,3,stall,loss,39,3513,0,0,0,0,0,7.37,
combat-prevent-retreat,easy,4,stall,loss,39,3513,0,0,0,0,0,7.37,
combat-prevent-retreat,medium,1,stall,loss,39,3513,0,0,0,0,0,7.37,
combat-prevent-retreat,medium,2,stall,loss,39,3513,0,0,0,0,0,7.37,
combat-prevent-retreat,medium,3,stall,loss,39,3513,0,0,0,0,0,7.37,
combat-prevent-retreat,medium,4,stall,loss,39,3513,0,0,0,0,0,7.37,
combat-prevent-retreat,hard,1,stall,loss,39,3513,0,0,0,0,0,7.37,
combat-prevent-retreat,hard,2,stall,loss,39,3513,0,0,0,0,0,7.37,
combat-prevent-retreat,hard,3,stall,loss,39,3513,0,0,0,0,0,7.37,
combat-prevent-retreat,hard,4,stall,loss,39,3513,0,0,0,0,0,7.37,
combat-protect-vip-escort,easy,1,stall,loss,60,5403,0,0,0,0,0,2.94,
combat-protect-vip-escort,easy,2,stall,loss,60,5403,0,0,0,0,0,2.94,
combat-protect-vip-escort,easy,3,stall,loss,60,5403,0,0,0,0,0,2.94,
combat-protect-vip-escort,easy,4,stall,loss,60,5403,0,0,0,0,0,2.94,
combat-protect-vip-escort,medium,1,stall,loss,60,5403,0,0,0,0,0,2.94,
combat-protect-vip-escort,medium,2,stall,loss,60,5403,0,0,0,0,0,2.94,
combat-protect-vip-escort,medium,3,stall,loss,60,5403,0,0,0,0,0,2.94,
combat-protect-vip-escort,medium,4,stall,loss,60,5403,0,0,0,0,0,2.94,
combat-protect-vip-escort,hard,1,stall,loss,60,5403,0,0,0,0,0,2.94,
combat-protect-vip-escort,hard,2,stall,loss,60,5403,0,0,0,0,0,2.94,
combat-protect-vip-escort,hard,3,stall,loss,60,5403,0,0,0,0,0,2.94,
combat-protect-vip-escort,hard,4,stall,loss,60,5403,0,0,0,0,0,2.94,
combat-retreat-after-engagement,easy,1,stall,loss,45,4053,0,0,0,0,0,6.73,
combat-retreat-after-engagement,easy,2,stall,loss,45,4053,0,0,0,0,0,6.73,
combat-retreat-after-engagement,easy,3,stall,loss,45,4053,0,0,0,0,0,6.73,
combat-retreat-after-engagement,easy,4,stall,loss,45,4053,0,0,0,0,0,6.73,
combat-retreat-after-engagement,medium,1,stall,loss,45,4053,0,0,0,0,0,6.73,
combat-retreat-after-engagement,medium,2,stall,loss,45,4053,0,0,0,0,0,6.73,
combat-retreat-after-engagement,medium,3,stall,loss,45,4053,0,0,0,0,0,6.73,
combat-retreat-after-engagement,medium,4,stall,loss,45,4053,0,0,0,0,0,6.73,
combat-retreat-after-engagement,hard,1,stall,loss,45,4053,0,0,0,0,0,6.73,
combat-retreat-after-engagement,hard,2,stall,loss,45,4053,0,0,0,0,0,6.73,
combat-retreat-after-engagement,hard,3,stall,loss,45,4053,0,0,0,0,0,6.73,
combat-retreat-after-engagement,hard,4,stall,loss,45,4053,0,0,0,0,0,6.73,
combat-rocket-soldier-anti-vehicle,easy,1,stall,loss,50,4503,1800,0,1800,0,0,9.58,
combat-rocket-soldier-anti-vehicle,easy,2,stall,loss,50,4503,1800,0,1800,0,0,9.58,
combat-rocket-soldier-anti-vehicle,easy,3,stall,loss,50,4503,1800,0,1800,0,0,9.58,
combat-rocket-soldier-anti-vehicle,easy,4,stall,loss,50,4503,1800,0,1800,0,0,9.58,
combat-rocket-soldier-anti-vehicle,medium,1,stall,loss,50,4503,1800,0,1800,0,0,9.58,
combat-rocket-soldier-anti-vehicle,medium,2,stall,loss,50,4503,1800,0,1800,0,0,9.58,
combat-rocket-soldier-anti-vehicle,medium,3,stall,loss,50,4503,1800,0,1800,0,0,9.58,
combat-rocket-soldier-anti-vehicle,medium,4,stall,loss,50,4503,1800,0,1800,0,0,9.58,
combat-rocket-soldier-anti-vehicle,hard,1,stall,loss,40,3603,1800,0,1800,0,0,11.16,
combat-rocket-soldier-anti-vehicle,hard,2,stall,loss,40,3603,1800,0,1800,0,0,11.16,
combat-rocket-soldier-anti-vehicle,hard,3,stall,loss,40,3603,1800,0,1800,0,0,11.16,
combat-rocket-soldier-anti-vehicle,hard,4,stall,loss,40,3603,1800,0,1800,0,0,11.16,
combat-skirmish-then-disengage,easy,1,stall,loss,50,4503,0,0,0,0,0,6.16,
combat-skirmish-then-disengage,easy,2,stall,loss,50,4503,0,0,0,0,0,6.16,
combat-skirmish-then-disengage,easy,3,stall,loss,50,4503,0,0,0,0,0,6.16,
combat-skirmish-then-disengage,easy,4,stall,loss,50,4503,0,0,0,0,0,6.16,
combat-skirmish-then-disengage,medium,1,stall,loss,50,4503,0,0,0,0,0,6.16,
combat-skirmish-then-disengage,medium,2,stall,loss,50,4503,0,0,0,0,0,6.16,
combat-skirmish-then-disengage,medium,3,stall,loss,50,4503,0,0,0,0,0,6.16,
combat-skirmish-then-disengage,medium,4,stall,loss,50,4503,0,0,0,0,0,6.16,
combat-skirmish-then-disengage,hard,1,stall,loss,10,903,0,0,0,0,4,6.81,
combat-skirmish-then-disengage,hard,2,stall,loss,10,903,0,0,0,0,4,6.81,
combat-skirmish-then-disengage,hard,3,stall,loss,10,903,0,0,0,0,4,6.81,
combat-skirmish-then-disengage,hard,4,stall,loss,10,903,0,0,0,0,4,6.81,
combat-stance-mgmt-attack,easy,1,stall,loss,50,4503,0,0,0,0,0,3.81,
combat-stance-mgmt-attack,easy,2,stall,loss,50,4503,0,0,0,0,0,3.81,
combat-stance-mgmt-attack,easy,3,stall,loss,50,4503,0,0,0,0,0,3.81,
combat-stance-mgmt-attack,easy,4,stall,loss,50,4503,0,0,0,0,0,3.81,
combat-stance-mgmt-attack,medium,1,stall,loss,50,4503,0,0,0,0,0,3.81,
combat-stance-mgmt-attack,medium,2,stall,loss,50,4503,0,0,0,0,0,3.81,
combat-stance-mgmt-attack,medium,3,stall,loss,50,4503,0,0,0,0,0,3.81,
combat-stance-mgmt-attack,medium,4,stall,loss,50,4503,0,0,0,0,0,3.81,
combat-stance-mgmt-attack,hard,1,stall,loss,50,4503,0,0,0,0,0,4.21,
combat-stance-mgmt-attack,hard,2,stall,loss,50,4503,0,0,0,0,0,4.21,
combat-stance-mgmt-attack,hard,3,stall,loss,50,4503,0,0,0,0,0,4.21,
combat-stance-mgmt-attack,hard,4,stall,loss,50,4503,0,0,0,0,0,4.21,
combat-suicide-charge-mission,easy,1,stall,loss,60,5403,0,0,0,0,0,8.44,
combat-suicide-charge-mission,easy,2,stall,loss,60,5403,0,0,0,0,0,8.44,
combat-suicide-charge-mission,easy,3,stall,loss,60,5403,0,0,0,0,0,8.44,
combat-suicide-charge-mission,easy,4,stall,loss,60,5403,0,0,0,0,0,8.44,
combat-suicide-charge-mission,medium,1,stall,loss,72,6483,0,0,0,0,0,8.44,
combat-suicide-charge-mission,medium,2,stall,loss,72,6483,0,0,0,0,0,8.44,
combat-suicide-charge-mission,medium,3,stall,loss,72,6483,0,0,0,0,0,8.44,
combat-suicide-charge-mission,medium,4,stall,loss,72,6483,0,0,0,0,0,8.44,
combat-suicide-charge-mission,hard,1,stall,loss,80,7203,0,0,0,0,0,6.68,
combat-suicide-charge-mission,hard,2,stall,loss,80,7203,0,0,0,0,0,6.68,
combat-suicide-charge-mission,hard,3,stall,loss,80,7203,0,0,0,0,0,6.68,
combat-suicide-charge-mission,hard,4,stall,loss,80,7203,0,0,0,0,0,6.68,
combat-tank-vs-tank-engagement,easy,1,stall,loss,27,2433,0,0,0,0,0,4.27,
combat-tank-vs-tank-engagement,easy,2,stall,loss,27,2433,0,0,0,0,0,4.27,
combat-tank-vs-tank-engagement,easy,3,stall,loss,27,2433,0,0,0,0,0,4.27,
combat-tank-vs-tank-engagement,easy,4,stall,loss,27,2433,0,0,0,0,0,4.27,
combat-tank-vs-tank-engagement,medium,1,stall,loss,27,2433,0,0,0,0,0,4.27,
combat-tank-vs-tank-engagement,medium,2,stall,loss,27,2433,0,0,0,0,0,4.27,
combat-tank-vs-tank-engagement,medium,3,stall,loss,27,2433,0,0,0,0,0,4.27,
combat-tank-vs-tank-engagement,medium,4,stall,loss,27,2433,0,0,0,0,0,4.27,
combat-tank-vs-tank-engagement,hard,1,stall,loss,17,1533,0,0,0,0,0,4.27,
combat-tank-vs-tank-engagement,hard,2,stall,loss,17,1533,0,0,0,0,0,4.27,
combat-tank-vs-tank-engagement,hard,3,stall,loss,17,1533,0,0,0,0,0,4.27,
combat-tank-vs-tank-engagement,hard,4,stall,loss,17,1533,0,0,0,0,0,4.27,
combat-tanya-vs-rush,easy,1,stall,loss,2,39,0,0,0,0,1,11.51,
combat-tanya-vs-rush,easy,2,stall,loss,2,39,0,0,0,0,1,11.51,
combat-tanya-vs-rush,easy,3,stall,loss,2,39,0,0,0,0,1,11.51,
combat-tanya-vs-rush,easy,4,stall,loss,2,39,0,0,0,0,1,11.51,
combat-tanya-vs-rush,medium,1,stall,loss,2,39,0,0,0,0,1,11.21,
combat-tanya-vs-rush,medium,2,stall,loss,2,39,0,0,0,0,1,11.21,
combat-tanya-vs-rush,medium,3,stall,loss,2,39,0,0,0,0,1,11.21,
combat-tanya-vs-rush,medium,4,stall,loss,2,39,0,0,0,0,1,11.21,
combat-tanya-vs-rush,hard,1,stall,loss,2,39,0,0,0,0,1,11.71,
combat-tanya-vs-rush,hard,2,stall,loss,2,39,0,0,0,0,1,11.9,
combat-tanya-vs-rush,hard,3,stall,loss,2,39,0,0,0,0,1,11.71,
combat-tanya-vs-rush,hard,4,stall,loss,2,39,0,0,0,0,1,11.9,
combat-target-priority-highvalue,easy,1,stall,loss,30,2703,0,0,0,0,0,4.84,
combat-target-priority-highvalue,easy,2,stall,loss,30,2703,0,0,0,0,0,4.84,
combat-target-priority-highvalue,easy,3,stall,loss,30,2703,0,0,0,0,0,4.84,
combat-target-priority-highvalue,easy,4,stall,loss,30,2703,0,0,0,0,0,4.84,
combat-target-priority-highvalue,medium,1,stall,loss,30,2703,0,0,0,0,0,4.84,
combat-target-priority-highvalue,medium,2,stall,loss,30,2703,0,0,0,0,0,4.84,
combat-target-priority-highvalue,medium,3,stall,loss,30,2703,0,0,0,0,0,4.84,
combat-target-priority-highvalue,medium,4,stall,loss,30,2703,0,0,0,0,0,4.84,
combat-target-priority-highvalue,hard,1,stall,loss,30,2703,0,0,0,0,0,4.84,
combat-target-priority-highvalue,hard,2,stall,loss,30,2703,0,0,0,0,0,4.84,
combat-target-priority-highvalue,hard,3,stall,loss,30,2703,0,0,0,0,0,4.84,
combat-target-priority-highvalue,hard,4,stall,loss,30,2703,0,0,0,0,0,4.84,
combat-vehicle-vs-infantry-counter,easy,1,stall,loss,30,2703,2550,0,2550,0,0,10.51,
combat-vehicle-vs-infantry-counter,easy,2,stall,loss,30,2703,2550,0,2550,0,0,10.51,
combat-vehicle-vs-infantry-counter,easy,3,stall,loss,30,2703,2550,0,2550,0,0,10.51,
combat-vehicle-vs-infantry-counter,easy,4,stall,loss,30,2703,2550,0,2550,0,0,10.51,
combat-vehicle-vs-infantry-counter,medium,1,stall,loss,30,2703,2550,0,2550,0,1,11.16,
combat-vehicle-vs-infantry-counter,medium,2,stall,loss,30,2703,2550,0,2550,0,1,11.16,
combat-vehicle-vs-infantry-counter,medium,3,stall,loss,30,2703,2550,0,2550,0,1,11.16,
combat-vehicle-vs-infantry-counter,medium,4,stall,loss,30,2703,2550,0,2550,0,1,11.16,
combat-vehicle-vs-infantry-counter,hard,1,stall,loss,30,2703,2550,0,2550,0,1,10.88,
combat-vehicle-vs-infantry-counter,hard,2,stall,loss,30,2703,2550,0,2550,0,1,10.32,
combat-vehicle-vs-infantry-counter,hard,3,stall,loss,30,2703,2550,0,2550,0,1,10.88,
combat-vehicle-vs-infantry-counter,hard,4,stall,loss,30,2703,2550,0,2550,0,1,10.32,
coord-converge-on-target,easy,1,stall,loss,50,4503,0,0,0,0,0,7.06,
coord-converge-on-target,easy,2,stall,loss,50,4503,0,0,0,0,0,7.06,
coord-converge-on-target,easy,3,stall,loss,50,4503,0,0,0,0,0,7.06,
coord-converge-on-target,easy,4,stall,loss,50,4503,0,0,0,0,0,7.06,
coord-converge-on-target,medium,1,stall,loss,50,4503,0,0,0,0,0,7.06,
coord-converge-on-target,medium,2,stall,loss,50,4503,0,0,0,0,0,7.06,
coord-converge-on-target,medium,3,stall,loss,50,4503,0,0,0,0,0,7.06,
coord-converge-on-target,medium,4,stall,loss,50,4503,0,0,0,0,0,7.06,
coord-converge-on-target,hard,1,stall,loss,50,4503,0,0,0,0,0,6.84,
coord-converge-on-target,hard,2,stall,loss,50,4503,0,0,0,0,0,7.06,
coord-converge-on-target,hard,3,stall,loss,50,4503,0,0,0,0,0,6.84,
coord-converge-on-target,hard,4,stall,loss,50,4503,0,0,0,0,0,7.06,
coord-cover-and-move,easy,1,stall,loss,50,4503,0,0,0,0,0,7.6,
coord-cover-and-move,easy,2,stall,loss,50,4503,0,0,0,0,0,7.6,
coord-cover-and-move,easy,3,stall,loss,50,4503,0,0,0,0,0,7.6,
coord-cover-and-move,easy,4,stall,loss,50,4503,0,0,0,0,0,7.6,
coord-cover-and-move,medium,1,stall,loss,50,4503,0,0,0,0,0,7.6,
coord-cover-and-move,medium,2,stall,loss,50,4503,0,0,0,0,0,7.6,
coord-cover-and-move,medium,3,stall,loss,50,4503,0,0,0,0,0,7.6,
coord-cover-and-move,medium,4,stall,loss,50,4503,0,0,0,0,0,7.6,
coord-cover-and-move,hard,1,stall,loss,50,4503,0,0,0,0,0,5.68,
coord-cover-and-move,hard,2,stall,loss,50,4503,0,0,0,0,0,5.68,
coord-cover-and-move,hard,3,stall,loss,50,4503,0,0,0,0,0,5.68,
coord-cover-and-move,hard,4,stall,loss,50,4503,0,0,0,0,0,5.68,
coord-diversionary-attack,easy,1,stall,loss,60,5403,0,0,0,0,0,6.43,
coord-diversionary-attack,easy,2,stall,loss,60,5403,0,0,0,0,0,6.43,
coord-diversionary-attack,easy,3,stall,loss,60,5403,0,0,0,0,0,6.43,
coord-diversionary-attack,easy,4,stall,loss,60,5403,0,0,0,0,0,6.43,
coord-diversionary-attack,medium,1,stall,loss,60,5403,0,0,0,0,0,6.43,
coord-diversionary-attack,medium,2,stall,loss,60,5403,0,0,0,0,0,6.43,
coord-diversionary-attack,medium,3,stall,loss,60,5403,0,0,0,0,0,6.43,
coord-diversionary-attack,medium,4,stall,loss,60,5403,0,0,0,0,0,6.43,
coord-diversionary-attack,hard,1,stall,loss,60,5403,0,0,0,0,0,4.33,
coord-diversionary-attack,hard,2,stall,loss,60,5403,0,0,0,0,0,4.18,
coord-diversionary-attack,hard,3,stall,loss,60,5403,0,0,0,0,0,4.33,
coord-diversionary-attack,hard,4,stall,loss,60,5403,0,0,0,0,0,4.18,
coord-mutual-support,easy,1,stall,loss,50,4503,0,0,0,0,0,4.62,
coord-mutual-support,easy,2,stall,loss,50,4503,0,0,0,0,0,4.62,
coord-mutual-support,easy,3,stall,loss,50,4503,0,0,0,0,0,4.62,
coord-mutual-support,easy,4,stall,loss,50,4503,0,0,0,0,0,4.62,
coord-mutual-support,medium,1,stall,loss,50,4503,0,0,0,0,0,4.62,
coord-mutual-support,medium,2,stall,loss,50,4503,0,0,0,0,0,4.62,
coord-mutual-support,medium,3,stall,loss,50,4503,0,0,0,0,0,4.62,
coord-mutual-support,medium,4,stall,loss,50,4503,0,0,0,0,0,4.62,
coord-mutual-support,hard,1,stall,loss,50,4503,0,0,0,0,0,4.58,
coord-mutual-support,hard,2,stall,loss,50,4503,0,0,0,0,0,4.62,
coord-mutual-support,hard,3,stall,loss,50,4503,0,0,0,0,0,4.58,
coord-mutual-support,hard,4,stall,loss,50,4503,0,0,0,0,0,4.62,
coord-relay-attack,easy,1,stall,loss,34,3063,0,0,0,0,0,8.38,
coord-relay-attack,easy,2,stall,loss,34,3063,0,0,0,0,0,8.38,
coord-relay-attack,easy,3,stall,loss,34,3063,0,0,0,0,0,8.38,
coord-relay-attack,easy,4,stall,loss,34,3063,0,0,0,0,0,8.38,
coord-relay-attack,medium,1,stall,loss,45,4053,0,0,0,0,0,8.38,
coord-relay-attack,medium,2,stall,loss,45,4053,0,0,0,0,0,8.38,
coord-relay-attack,medium,3,stall,loss,45,4053,0,0,0,0,0,8.38,
coord-relay-attack,medium,4,stall,loss,45,4053,0,0,0,0,0,8.38,
coord-relay-attack,hard,1,stall,loss,50,4503,0,0,0,0,0,7.94,
coord-relay-attack,hard,2,stall,loss,50,4503,0,0,0,0,0,8.38,
coord-relay-attack,hard,3,stall,loss,50,4503,0,0,0,0,0,7.94,
coord-relay-attack,hard,4,stall,loss,50,4503,0,0,0,0,0,8.38,
coord-relay-vision-chain,easy,1,stall,loss,27,2433,0,0,0,0,0,7.23,
coord-relay-vision-chain,easy,2,stall,loss,27,2433,0,0,0,0,0,7.23,
coord-relay-vision-chain,easy,3,stall,loss,27,2433,0,0,0,0,0,7.23,
coord-relay-vision-chain,easy,4,stall,loss,27,2433,0,0,0,0,0,7.23,
coord-relay-vision-chain,medium,1,stall,loss,22,1983,0,0,0,0,0,7.23,
coord-relay-vision-chain,medium,2,stall,loss,22,1983,0,0,0,0,0,7.23,
coord-relay-vision-chain,medium,3,stall,loss,22,1983,0,0,0,0,0,7.23,
coord-relay-vision-chain,medium,4,stall,loss,22,1983,0,0,0,0,0,7.23,
coord-relay-vision-chain,hard,1,stall,loss,22,1983,0,0,0,0,0,7.0,
coord-relay-vision-chain,hard,2,stall,loss,22,1983,0,0,0,0,0,7.2,
coord-relay-vision-chain,hard,3,stall,loss,22,1983,0,0,0,0,0,7.0,
coord-relay-vision-chain,hard,4,stall,loss,22,1983,0,0,0,0,0,7.2,
coord-squad-handoff,easy,1,stall,loss,50,4503,0,0,0,0,0,3.62,
coord-squad-handoff,easy,2,stall,loss,50,4503,0,0,0,0,0,3.62,
coord-squad-handoff,easy,3,stall,loss,50,4503,0,0,0,0,0,3.62,
coord-squad-handoff,easy,4,stall,loss,50,4503,0,0,0,0,0,3.62,
coord-squad-handoff,medium,1,stall,loss,50,4503,0,0,0,0,0,3.62,
coord-squad-handoff,medium,2,stall,loss,50,4503,0,0,0,0,0,3.62,
coord-squad-handoff,medium,3,stall,loss,50,4503,0,0,0,0,0,3.62,
coord-squad-handoff,medium,4,stall,loss,50,4503,0,0,0,0,0,3.62,
coord-squad-handoff,hard,1,stall,loss,50,4503,0,0,0,0,0,3.36,
coord-squad-handoff,hard,2,stall,loss,50,4503,0,0,0,0,0,3.04,
coord-squad-handoff,hard,3,stall,loss,50,4503,0,0,0,0,0,3.36,
coord-squad-handoff,hard,4,stall,loss,50,4503,0,0,0,0,0,3.04,
coordination-ordered-rendezvous,easy,1,stall,loss,25,2253,0,0,0,0,0,3.91,
coordination-ordered-rendezvous,easy,2,stall,loss,25,2253,0,0,0,0,0,3.91,
coordination-ordered-rendezvous,easy,3,stall,loss,25,2253,0,0,0,0,0,3.91,
coordination-ordered-rendezvous,easy,4,stall,loss,25,2253,0,0,0,0,0,3.91,
coordination-ordered-rendezvous,medium,1,stall,loss,34,3063,0,0,0,0,0,3.58,
coordination-ordered-rendezvous,medium,2,stall,loss,34,3063,0,0,0,0,0,3.58,
coordination-ordered-rendezvous,medium,3,stall,loss,34,3063,0,0,0,0,0,3.58,
coordination-ordered-rendezvous,medium,4,stall,loss,34,3063,0,0,0,0,0,3.58,
coordination-ordered-rendezvous,hard,1,stall,loss,36,3243,0,0,0,0,0,3.61,
coordination-ordered-rendezvous,hard,2,stall,loss,36,3243,0,0,0,0,0,3.61,
coordination-ordered-rendezvous,hard,3,stall,loss,36,3243,0,0,0,0,0,3.61,
coordination-ordered-rendezvous,hard,4,stall,loss,36,3243,0,0,0,0,0,3.61,
coordination-staggered-window,easy,1,stall,loss,30,2703,0,0,0,0,0,3.15,
coordination-staggered-window,easy,2,stall,loss,30,2703,0,0,0,0,0,3.15,
coordination-staggered-window,easy,3,stall,loss,30,2703,0,0,0,0,0,3.15,
coordination-staggered-window,easy,4,stall,loss,30,2703,0,0,0,0,0,3.15,
coordination-staggered-window,medium,1,stall,loss,25,2253,0,0,0,0,0,3.15,
coordination-staggered-window,medium,2,stall,loss,25,2253,0,0,0,0,0,3.15,
coordination-staggered-window,medium,3,stall,loss,25,2253,0,0,0,0,0,3.15,
coordination-staggered-window,medium,4,stall,loss,25,2253,0,0,0,0,0,3.15,
coordination-staggered-window,hard,1,stall,loss,30,2703,0,0,0,0,0,3.77,
coordination-staggered-window,hard,2,stall,loss,30,2703,0,0,0,0,0,3.42,
coordination-staggered-window,hard,3,stall,loss,30,2703,0,0,0,0,0,3.77,
coordination-staggered-window,hard,4,stall,loss,30,2703,0,0,0,0,0,3.42,
custom-map-no-enemy,easy,1,stall,loss,10,903,0,0,0,0,0,5.78,
custom-map-no-enemy,easy,2,stall,loss,10,903,0,0,0,0,0,5.78,
custom-map-no-enemy,easy,3,stall,loss,10,903,0,0,0,0,0,5.78,
custom-map-no-enemy,easy,4,stall,loss,10,903,0,0,0,0,0,5.78,
custom-map-no-enemy,medium,1,stall,loss,17,1533,0,0,0,0,0,5.78,
custom-map-no-enemy,medium,2,stall,loss,17,1533,0,0,0,0,0,5.78,
custom-map-no-enemy,medium,3,stall,loss,17,1533,0,0,0,0,0,5.78,
custom-map-no-enemy,medium,4,stall,loss,17,1533,0,0,0,0,0,5.78,
custom-map-no-enemy,hard,1,stall,loss,18,1623,0,0,0,0,0,5.47,
custom-map-no-enemy,hard,2,stall,loss,18,1623,0,0,0,0,0,5.78,
custom-map-no-enemy,hard,3,stall,loss,18,1623,0,0,0,0,0,5.47,
custom-map-no-enemy,hard,4,stall,loss,18,1623,0,0,0,0,0,5.78,
def-bridge-chokepoint,easy,1,stall,loss,30,2703,1000,0,1000,0,6,9.54,
def-bridge-chokepoint,easy,2,stall,loss,30,2703,1000,0,1000,0,6,9.54,
def-bridge-chokepoint,easy,3,stall,loss,30,2703,1000,0,1000,0,6,9.54,
def-bridge-chokepoint,easy,4,stall,loss,30,2703,1000,0,1000,0,6,9.54,
def-bridge-chokepoint,medium,1,stall,loss,11,993,1000,0,1000,0,0,19.12,
def-bridge-chokepoint,medium,2,stall,loss,11,993,1000,0,1000,0,0,19.12,
def-bridge-chokepoint,medium,3,stall,loss,11,993,1000,0,1000,0,0,19.12,
def-bridge-chokepoint,medium,4,stall,loss,11,993,1000,0,1000,0,0,19.12,
def-bridge-chokepoint,hard,1,stall,loss,10,903,1000,0,1000,0,0,19.49,
def-bridge-chokepoint,hard,2,stall,loss,10,903,1000,0,1000,0,0,19.49,
def-bridge-chokepoint,hard,3,stall,loss,10,903,1000,0,1000,0,0,19.49,
def-bridge-chokepoint,hard,4,stall,loss,10,903,1000,0,1000,0,0,19.49,
def-counter-battery,easy,1,stall,loss,10,753,0,0,0,0,0,8.36,
def-counter-battery,easy,2,stall,loss,10,753,0,0,0,0,0,8.36,
def-counter-battery,easy,3,stall,loss,10,753,0,0,0,0,0,8.36,
def-counter-battery,easy,4,stall,loss,10,753,0,0,0,0,0,8.36,
def-counter-battery,medium,1,stall,loss,7,483,0,0,0,0,0,9.05,
def-counter-battery,medium,2,stall,loss,7,483,0,0,0,0,0,9.05,
def-counter-battery,medium,3,stall,loss,7,483,0,0,0,0,0,9.05,
def-counter-battery,medium,4,stall,loss,7,483,0,0,0,0,0,9.05,
def-counter-battery,hard,1,stall,loss,7,483,0,0,0,0,0,8.85,
def-counter-battery,hard,2,stall,loss,7,483,0,0,0,0,0,9.05,
def-counter-battery,hard,3,stall,loss,7,483,0,0,0,0,0,8.85,
def-counter-battery,hard,4,stall,loss,7,483,0,0,0,0,0,9.05,
def-engineer-repair-under-fire,easy,1,stall,loss,39,2808,600,0,600,2,6,5.22,
def-engineer-repair-under-fire,easy,2,stall,loss,39,2808,600,0,600,2,6,5.22,
def-engineer-repair-under-fire,easy,3,stall,loss,39,2808,600,0,600,2,6,5.22,
def-engineer-repair-under-fire,easy,4,stall,loss,39,2808,600,0,600,2,6,5.22,
def-engineer-repair-under-fire,medium,1,stall,loss,35,2388,600,0,600,3,6,5.3,
def-engineer-repair-under-fire,medium,2,stall,loss,35,2388,600,0,600,3,6,5.3,
def-engineer-repair-under-fire,medium,3,stall,loss,35,2388,600,0,600,3,6,5.3,
def-engineer-repair-under-fire,medium,4,stall,loss,35,2388,600,0,600,3,6,5.3,
def-engineer-repair-under-fire,hard,1,stall,loss,42,2658,600,0,600,3,6,4.55,
def-engineer-repair-under-fire,hard,2,stall,loss,46,2778,600,0,600,3,6,5.17,
def-engineer-repair-under-fire,hard,3,stall,loss,42,2658,600,0,600,3,6,4.55,
def-engineer-repair-under-fire,hard,4,stall,loss,46,2778,600,0,600,3,6,5.17,
def-evacuation,easy,1,stall,loss,20,702,0,0,0,0,5,4.53,
def-evacuation,easy,2,stall,loss,20,702,0,0,0,0,5,4.53,
def-evacuation,easy,3,stall,loss,20,702,0,0,0,0,5,4.53,
def-evacuation,easy,4,stall,loss,20,702,0,0,0,0,5,4.53,
def-evacuation,medium,1,stall,loss,21,756,0,0,0,0,5,4.46,
def-evacuation,medium,2,stall,loss,21,756,0,0,0,0,5,4.46,
def-evacuation,medium,3,stall,loss,21,756,0,0,0,0,5,4.46,
def-evacuation,medium,4,stall,loss,21,756,0,0,0,0,5,4.46,
def-evacuation,hard,1,stall,loss,19,756,0,0,0,0,5,4.92,
def-evacuation,hard,2,stall,loss,21,756,0,0,0,0,5,4.46,
def-evacuation,hard,3,stall,loss,19,756,0,0,0,0,5,4.92,
def-evacuation,hard,4,stall,loss,21,756,0,0,0,0,5,4.46,
def-in-depth-vs-single,easy,1,stall,loss,60,5403,2400,0,2400,6,0,6.17,
def-in-depth-vs-single,easy,2,stall,loss,60,5403,2400,0,2400,6,0,6.17,
def-in-depth-vs-single,easy,3,stall,loss,60,5403,2400,0,2400,6,0,6.17,
def-in-depth-vs-single,easy,4,stall,loss,60,5403,2400,0,2400,6,0,6.17,
def-in-depth-vs-single,medium,1,stall,loss,60,5403,2400,0,2400,10,0,6.17,
def-in-depth-vs-single,medium,2,stall,loss,60,5403,2400,0,2400,10,0,6.17,
def-in-depth-vs-single,medium,3,stall,loss,60,5403,2400,0,2400,10,0,6.17,
def-in-depth-vs-single,medium,4,stall,loss,60,5403,2400,0,2400,10,0,6.17,
def-in-depth-vs-single,hard,1,stall,loss,60,5403,2400,0,2400,8,0,6.17,
def-in-depth-vs-single,hard,2,stall,loss,60,5403,2400,0,2400,8,0,6.17,
def-in-depth-vs-single,hard,3,stall,loss,60,5403,2400,0,2400,8,0,6.17,
def-in-depth-vs-single,hard,4,stall,loss,60,5403,2400,0,2400,8,0,6.17,
def-in-depth,easy,1,stall,loss,64,5463,2400,0,2400,6,0,11.94,
def-in-depth,easy,2,stall,loss,64,5463,2400,0,2400,6,0,11.94,
def-in-depth,easy,3,stall,loss,64,5463,2400,0,2400,6,0,11.94,
def-in-depth,easy,4,stall,loss,64,5463,2400,0,2400,6,0,11.94,
def-in-depth,medium,1,stall,loss,54,4563,2400,0,2400,6,0,11.94,
def-in-depth,medium,2,stall,loss,54,4563,2400,0,2400,6,0,11.94,
def-in-depth,medium,3,stall,loss,54,4563,2400,0,2400,6,0,11.94,
def-in-depth,medium,4,stall,loss,54,4563,2400,0,2400,6,0,11.94,
def-in-depth,hard,1,stall,loss,41,3033,2400,0,2400,5,0,12.87,
def-in-depth,hard,2,stall,loss,41,2988,2400,0,2400,5,0,12.64,
def-in-depth,hard,3,stall,loss,41,3033,2400,0,2400,5,0,12.87,
def-in-depth,hard,4,stall,loss,41,2988,2400,0,2400,5,0,12.64,
def-multi-direction,easy,1,stall,loss,36,2778,0,0,0,0,0,3.34,
def-multi-direction,easy,2,stall,loss,36,2778,0,0,0,0,0,3.34,
def-multi-direction,easy,3,stall,loss,36,2778,0,0,0,0,0,3.34,
def-multi-direction,easy,4,stall,loss,36,2778,0,0,0,0,0,3.34,
def-multi-direction,medium,1,stall,loss,37,2778,0,0,0,0,0,3.92,
def-multi-direction,medium,2,stall,loss,37,2778,0,0,0,0,0,3.92,
def-multi-direction,medium,3,stall,loss,37,2778,0,0,0,0,0,3.92,
def-multi-direction,medium,4,stall,loss,37,2778,0,0,0,0,0,3.92,
def-multi-direction,hard,1,stall,loss,33,2343,0,0,0,0,4,5.31,
def-multi-direction,hard,2,stall,loss,38,2448,0,0,0,0,4,5.04,
def-multi-direction,hard,3,stall,loss,33,2343,0,0,0,0,4,5.31,
def-multi-direction,hard,4,stall,loss,38,2448,0,0,0,0,4,5.04,
def-position-expected-direction,easy,1,stall,loss,60,5403,2400,0,2400,3,0,5.62,
def-position-expected-direction,easy,2,stall,loss,60,5403,2400,0,2400,3,0,5.62,
def-position-expected-direction,easy,3,stall,loss,60,5403,2400,0,2400,3,0,5.62,
def-position-expected-direction,easy,4,stall,loss,60,5403,2400,0,2400,3,0,5.62,
def-position-expected-direction,medium,1,stall,loss,60,5403,2400,0,2400,6,0,5.62,
def-position-expected-direction,medium,2,stall,loss,60,5403,2400,0,2400,6,0,5.62,
def-position-expected-direction,medium,3,stall,loss,60,5403,2400,0,2400,6,0,5.62,
def-position-expected-direction,medium,4,stall,loss,60,5403,2400,0,2400,6,0,5.62,
def-position-expected-direction,hard,1,stall,loss,65,5463,2400,0,2400,10,0,6.13,
def-position-expected-direction,hard,2,stall,loss,63,5418,2400,0,2400,10,0,6.1,
def-position-expected-direction,hard,3,stall,loss,65,5463,2400,0,2400,10,0,6.13,
def-position-expected-direction,hard,4,stall,loss,63,5418,2400,0,2400,10,0,6.1,
def-position-revealed-direction,easy,1,stall,loss,56,3618,2400,0,2400,2,4,8.77,
def-position-revealed-direction,easy,2,stall,loss,56,3618,2400,0,2400,2,4,8.77,
def-position-revealed-direction,easy,3,stall,loss,56,3618,2400,0,2400,2,4,8.77,
def-position-revealed-direction,easy,4,stall,loss,56,3618,2400,0,2400,2,4,8.77,
def-position-revealed-direction,medium,1,stall,loss,58,3618,2400,0,2400,3,4,9.34,
def-position-revealed-direction,medium,2,stall,loss,58,3618,2400,0,2400,3,4,9.34,
def-position-revealed-direction,medium,3,stall,loss,58,3618,2400,0,2400,3,4,9.34,
def-position-revealed-direction,medium,4,stall,loss,58,3618,2400,0,2400,3,4,9.34,
def-position-revealed-direction,hard,1,stall,loss,37,2418,2400,0,2400,0,1,10.57,
def-position-revealed-direction,hard,2,stall,loss,38,2328,2400,0,2400,0,1,10.57,
def-position-revealed-direction,hard,3,stall,loss,37,2418,2400,0,2400,0,1,10.57,
def-position-revealed-direction,hard,4,stall,loss,38,2328,2400,0,2400,0,1,10.57,
def-pre-position-mobile-reserve,easy,1,stall,loss,32,2403,0,0,0,0,2,8.92,
def-pre-position-mobile-reserve,easy,2,stall,loss,32,2403,0,0,0,0,2,8.92,
def-pre-position-mobile-reserve,easy,3,stall,loss,32,2403,0,0,0,0,2,8.92,
def-pre-position-mobile-reserve,easy,4,stall,loss,32,2403,0,0,0,0,2,8.92,
def-pre-position-mobile-reserve,medium,1,stall,loss,32,2403,0,0,0,0,3,9.76,
def-pre-position-mobile-reserve,medium,2,stall,loss,32,2403,0,0,0,0,3,9.76,
def-pre-position-mobile-reserve,medium,3,stall,loss,32,2403,0,0,0,0,3,9.76,
def-pre-position-mobile-reserve,medium,4,stall,loss,32,2403,0,0,0,0,3,9.76,
def-pre-position-mobile-reserve,hard,1,stall,loss,27,1908,0,0,0,0,3,9.76,
def-pre-position-mobile-reserve,hard,2,stall,loss,28,2013,0,0,0,0,3,9.76,
def-pre-position-mobile-reserve,hard,3,stall,loss,27,1908,0,0,0,0,3,9.76,
def-pre-position-mobile-reserve,hard,4,stall,loss,28,2013,0,0,0,0,3,9.76,
def-reinforce-the-breach,easy,1,stall,loss,27,2433,0,0,0,0,4,17.82,
def-reinforce-the-breach,easy,2,stall,loss,27,2433,0,0,0,0,4,17.82,
def-reinforce-the-breach,easy,3,stall,loss,27,2433,0,0,0,0,4,17.82,
def-reinforce-the-breach,easy,4,stall,loss,27,2433,0,0,0,0,4,17.82,
def-reinforce-the-breach,medium,1,stall,loss,27,2433,0,0,0,0,4,17.82,
def-reinforce-the-breach,medium,2,stall,loss,27,2433,0,0,0,0,4,17.82,
def-reinforce-the-breach,medium,3,stall,loss,27,2433,0,0,0,0,4,17.82,
def-reinforce-the-breach,medium,4,stall,loss,27,2433,0,0,0,0,4,17.82,
def-reinforce-the-breach,hard,1,stall,loss,22,1983,0,0,0,0,2,6.05,
def-reinforce-the-breach,hard,2,stall,loss,22,1983,0,0,0,0,1,5.99,
def-reinforce-the-breach,hard,3,stall,loss,22,1983,0,0,0,0,2,6.05,
def-reinforce-the-breach,hard,4,stall,loss,22,1983,0,0,0,0,1,5.99,
def-retreat-and-rebuild,easy,1,stall,loss,52,4578,1600,0,1600,5,0,4.95,
def-retreat-and-rebuild,easy,2,stall,loss,52,4578,1600,0,1600,5,0,4.95,
def-retreat-and-rebuild,easy,3,stall,loss,52,4578,1600,0,1600,5,0,4.95,
def-retreat-and-rebuild,easy,4,stall,loss,52,4578,1600,0,1600,5,0,4.95,
def-retreat-and-rebuild,medium,1,stall,loss,54,4548,1600,0,1600,8,0,4.97,
def-retreat-and-rebuild,medium,2,stall,loss,54,4548,1600,0,1600,8,0,4.97,
def-retreat-and-rebuild,medium,3,stall,loss,54,4548,1600,0,1600,8,0,4.97,
def-retreat-and-rebuild,medium,4,stall,loss,54,4548,1600,0,1600,8,0,4.97,
def-retreat-and-rebuild,hard,1,stall,loss,53,4563,1600,0,1600,8,0,5.13,
def-retreat-and-rebuild,hard,2,stall,loss,53,4503,1600,0,1600,8,0,4.95,
def-retreat-and-rebuild,hard,3,stall,loss,53,4563,1600,0,1600,8,0,5.13,
def-retreat-and-rebuild,hard,4,stall,loss,53,4503,1600,0,1600,8,0,4.95,
def-stance-mgmt-hold-then-attack,easy,1,stall,loss,50,4503,0,0,0,0,3,8.3,
def-stance-mgmt-hold-then-attack,easy,2,stall,loss,50,4503,0,0,0,0,3,8.3,
def-stance-mgmt-hold-then-attack,easy,3,stall,loss,50,4503,0,0,0,0,3,8.3,
def-stance-mgmt-hold-then-attack,easy,4,stall,loss,50,4503,0,0,0,0,3,8.3,
def-stance-mgmt-hold-then-attack,medium,1,stall,loss,50,4503,0,0,0,0,3,8.44,
def-stance-mgmt-hold-then-attack,medium,2,stall,loss,50,4503,0,0,0,0,3,8.44,
def-stance-mgmt-hold-then-attack,medium,3,stall,loss,50,4503,0,0,0,0,3,8.44,
def-stance-mgmt-hold-then-attack,medium,4,stall,loss,50,4503,0,0,0,0,3,8.44,
def-stance-mgmt-hold-then-attack,hard,1,stall,loss,50,4503,0,0,0,0,3,8.55,
def-stance-mgmt-hold-then-attack,hard,2,stall,loss,50,4503,0,0,0,0,3,8.44,
def-stance-mgmt-hold-then-attack,hard,3,stall,loss,50,4503,0,0,0,0,3,8.55,
def-stance-mgmt-hold-then-attack,hard,4,stall,loss,50,4503,0,0,0,0,3,8.44,
def-surprise-flank-react,easy,1,stall,loss,28,1938,800,0,800,0,4,10.63,
def-surprise-flank-react,easy,2,stall,loss,28,1938,800,0,800,0,4,10.63,
def-surprise-flank-react,easy,3,stall,loss,28,1938,800,0,800,0,4,10.63,
def-surprise-flank-react,easy,4,stall,loss,28,1938,800,0,800,0,4,10.63,
def-surprise-flank-react,medium,1,stall,loss,25,1788,800,0,800,0,4,10.95,
def-surprise-flank-react,medium,2,stall,loss,25,1788,800,0,800,0,4,10.95,
def-surprise-flank-react,medium,3,stall,loss,25,1788,800,0,800,0,4,10.95,
def-surprise-flank-react,medium,4,stall,loss,25,1788,800,0,800,0,4,10.95,
def-surprise-flank-react,hard,1,stall,loss,27,1893,800,0,800,0,4,11.97,
def-surprise-flank-react,hard,2,stall,loss,27,1863,800,0,800,0,4,11.97,
def-surprise-flank-react,hard,3,stall,loss,27,1893,800,0,800,0,4,11.97,
def-surprise-flank-react,hard,4,stall,loss,27,1863,800,0,800,0,4,11.97,
def-tower-line-vs-cluster,easy,1,stall,loss,55,4953,2400,0,2400,0,1,8.69,
def-tower-line-vs-cluster,easy,2,stall,loss,55,4953,2400,0,2400,0,1,8.69,
def-tower-line-vs-cluster,easy,3,stall,loss,55,4953,2400,0,2400,0,1,8.69,
def-tower-line-vs-cluster,easy,4,stall,loss,55,4953,2400,0,2400,0,1,8.69,
def-tower-line-vs-cluster,medium,1,stall,loss,27,2433,2400,0,2400,1,0,4.76,
def-tower-line-vs-cluster,medium,2,stall,loss,27,2433,2400,0,2400,1,0,4.76,
def-tower-line-vs-cluster,medium,3,stall,loss,27,2433,2400,0,2400,1,0,4.76,
def-tower-line-vs-cluster,medium,4,stall,loss,27,2433,2400,0,2400,1,0,4.76,
def-tower-line-vs-cluster,hard,1,stall,loss,70,6303,2400,0,2400,0,0,4.37,
def-tower-line-vs-cluster,hard,2,stall,loss,25,2253,2400,0,2400,0,0,4.81,
def-tower-line-vs-cluster,hard,3,stall,loss,70,6303,2400,0,2400,0,0,4.37,
def-tower-line-vs-cluster,hard,4,stall,loss,25,2253,2400,0,2400,0,0,4.81,
def-walls-vs-towers,easy,1,stall,loss,44,3963,2400,0,2400,0,0,3.94,
def-walls-vs-towers,easy,2,stall,loss,44,3963,2400,0,2400,0,0,3.94,
def-walls-vs-towers,easy,3,stall,loss,44,3963,2400,0,2400,0,0,3.94,
def-walls-vs-towers,easy,4,stall,loss,44,3963,2400,0,2400,0,0,3.94,
def-walls-vs-towers,medium,1,stall,loss,38,3423,2400,0,2400,0,0,4.46,
def-walls-vs-towers,medium,2,stall,loss,38,3423,2400,0,2400,0,0,4.46,
def-walls-vs-towers,medium,3,stall,loss,38,3423,2400,0,2400,0,0,4.46,
def-walls-vs-towers,medium,4,stall,loss,38,3423,2400,0,2400,0,0,4.46,
def-walls-vs-towers,hard,1,stall,loss,36,3243,3000,0,3000,0,0,4.61,
def-walls-vs-towers,hard,2,stall,loss,35,3153,3000,0,3000,0,0,4.61,
def-walls-vs-towers,hard,3,stall,loss,36,3243,3000,0,3000,0,0,4.61,
def-walls-vs-towers,hard,4,stall,loss,35,3153,3000,0,3000,0,0,4.61,
def-while-building,easy,1,stall,loss,9,813,1800,0,1800,0,0,9.93,
def-while-building,easy,2,stall,loss,9,813,1800,0,1800,0,0,9.93,
def-while-building,easy,3,stall,loss,9,813,1800,0,1800,0,0,9.93,
def-while-building,easy,4,stall,loss,9,813,1800,0,1800,0,0,9.93,
def-while-building,medium,1,stall,loss,9,813,1800,0,1800,0,0,9.93,
def-while-building,medium,2,stall,loss,9,813,1800,0,1800,0,0,9.93,
def-while-building,medium,3,stall,loss,9,813,1800,0,1800,0,0,9.93,
def-while-building,medium,4,stall,loss,9,813,1800,0,1800,0,0,9.93,
def-while-building,hard,1,stall,loss,12,1083,1800,0,1800,0,0,9.93,
def-while-building,hard,2,stall,loss,12,1083,1800,0,1800,0,0,9.93,
def-while-building,hard,3,stall,loss,12,1083,1800,0,1800,0,0,9.93,
def-while-building,hard,4,stall,loss,12,1083,1800,0,1800,0,0,9.93,
def-with-ambush,easy,1,stall,win,17,723,0,0,0,6,2,11.55,
def-with-ambush,easy,2,stall,win,17,723,0,0,0,6,2,11.55,
def-with-ambush,easy,3,stall,win,17,723,0,0,0,6,2,11.55,
def-with-ambush,easy,4,stall,win,17,723,0,0,0,6,2,11.55,
def-with-ambush,medium,1,stall,win,17,678,0,0,0,8,1,11.99,
def-with-ambush,medium,2,stall,win,17,678,0,0,0,8,1,11.99,
def-with-ambush,medium,3,stall,win,17,678,0,0,0,8,1,11.99,
def-with-ambush,medium,4,stall,win,17,678,0,0,0,8,1,11.99,
def-with-ambush,hard,1,stall,win,17,678,0,0,0,8,1,10.67,
def-with-ambush,hard,2,stall,win,17,678,0,0,0,8,1,11.15,
def-with-ambush,hard,3,stall,win,17,678,0,0,0,8,1,10.67,
def-with-ambush,hard,4,stall,win,17,678,0,0,0,8,1,11.15,
defense-rush-survive,easy,1,stall,loss,30,2493,1800,0,1800,0,0,6.44,
defense-rush-survive,easy,2,stall,loss,30,2493,1800,0,1800,0,0,6.44,
defense-rush-survive,easy,3,stall,loss,30,2493,1800,0,1800,0,0,6.44,
defense-rush-survive,easy,4,stall,loss,30,2493,1800,0,1800,0,0,6.44,
defense-rush-survive,medium,1,stall,loss,18,1353,1800,0,1800,0,0,5.68,
defense-rush-survive,medium,2,stall,loss,18,1353,1800,0,1800,0,0,5.68,
defense-rush-survive,medium,3,stall,loss,18,1353,1800,0,1800,0,0,5.68,
defense-rush-survive,medium,4,stall,loss,18,1353,1800,0,1800,0,0,5.68,
defense-rush-survive,hard,1,stall,loss,42,3288,1800,0,1800,12,0,5.56,
defense-rush-survive,hard,2,stall,loss,42,3288,1800,0,1800,12,0,5.45,
defense-rush-survive,hard,3,stall,loss,42,3288,1800,0,1800,12,0,5.56,
defense-rush-survive,hard,4,stall,loss,42,3288,1800,0,1800,12,0,5.45,
econ-burn-rate-management,easy,1,stall,loss,14,1263,4790,210,5000,0,0,4.67,
econ-burn-rate-management,easy,2,stall,loss,14,1263,4790,210,5000,0,0,4.67,
econ-burn-rate-management,easy,3,stall,loss,14,1263,4790,210,5000,0,0,4.67,
econ-burn-rate-management,easy,4,stall,loss,14,1263,4790,210,5000,0,0,4.67,
econ-burn-rate-management,medium,1,stall,loss,12,1083,4200,300,4500,0,0,4.67,
econ-burn-rate-management,medium,2,stall,loss,12,1083,4200,300,4500,0,0,4.67,
econ-burn-rate-management,medium,3,stall,loss,12,1083,4200,300,4500,0,0,4.67,
econ-burn-rate-management,medium,4,stall,loss,12,1083,4200,300,4500,0,0,4.67,
econ-burn-rate-management,hard,1,stall,loss,11,993,2270,230,2500,0,0,4.32,
econ-burn-rate-management,hard,2,stall,loss,11,993,3670,255,3925,0,0,4.44,
econ-burn-rate-management,hard,3,stall,loss,11,993,2270,230,2500,0,0,4.32,
econ-burn-rate-management,hard,4,stall,loss,11,993,3670,255,3925,0,0,4.44,
econ-buy-vs-build-decision,easy,1,stall,loss,19,1533,3400,0,3400,0,0,7.02,
econ-buy-vs-build-decision,easy,2,stall,loss,19,1533,3400,0,3400,0,0,7.02,
econ-buy-vs-build-decision,easy,3,stall,loss,19,1533,3400,0,3400,0,0,7.02,
econ-buy-vs-build-decision,easy,4,stall,loss,19,1533,3400,0,3400,0,0,7.02,
econ-buy-vs-build-decision,medium,1,stall,loss,22,1578,3400,0,3400,0,0,7.13,
econ-buy-vs-build-decision,medium,2,stall,loss,22,1578,3400,0,3400,0,0,7.13,
econ-buy-vs-build-decision,medium,3,stall,loss,22,1578,3400,0,3400,0,0,7.13,
econ-buy-vs-build-decision,medium,4,stall,loss,22,1578,3400,0,3400,0,0,7.13,
econ-buy-vs-build-decision,hard,1,stall,loss,24,1668,3400,0,3400,0,0,7.24,
econ-buy-vs-build-decision,hard,2,stall,loss,24,1668,3400,0,3400,0,0,7.24,
econ-buy-vs-build-decision,hard,3,stall,loss,24,1668,3400,0,3400,0,0,7.24,
econ-buy-vs-build-decision,hard,4,stall,loss,24,1668,3400,0,3400,0,0,7.24,
econ-cash-reserve-management,easy,1,stall,loss,60,5403,17000,0,17000,0,0,4.55,
econ-cash-reserve-management,easy,2,stall,loss,60,5403,17000,0,17000,0,0,4.55,
econ-cash-reserve-management,easy,3,stall,loss,60,5403,17000,0,17000,0,0,4.55,
econ-cash-reserve-management,easy,4,stall,loss,60,5403,17000,0,17000,0,0,4.55,
econ-cash-reserve-management,medium,1,stall,loss,9,813,3500,0,3500,0,0,3.63,
econ-cash-reserve-management,medium,2,stall,loss,9,813,3500,0,3500,0,0,3.63,
econ-cash-reserve-management,medium,3,stall,loss,9,813,3500,0,3500,0,0,3.63,
econ-cash-reserve-management,medium,4,stall,loss,9,813,3500,0,3500,0,0,3.63,
econ-cash-reserve-management,hard,1,stall,loss,12,1083,4500,0,4500,0,0,3.41,
econ-cash-reserve-management,hard,2,stall,loss,12,1083,4500,0,4500,0,0,3.46,
econ-cash-reserve-management,hard,3,stall,loss,12,1083,4500,0,4500,0,0,3.41,
econ-cash-reserve-management,hard,4,stall,loss,12,1083,4500,0,4500,0,0,3.46,
econ-contention-with-enemy,easy,1,stall,loss,10,903,2500,0,2500,0,2,5.29,
econ-contention-with-enemy,easy,2,stall,loss,10,903,2500,0,2500,0,2,5.29,
econ-contention-with-enemy,easy,3,stall,loss,10,903,2500,0,2500,0,2,5.29,
econ-contention-with-enemy,easy,4,stall,loss,10,903,2500,0,2500,0,2,5.29,
econ-contention-with-enemy,medium,1,stall,loss,12,1083,3500,0,3500,0,2,5.87,
econ-contention-with-enemy,medium,2,stall,loss,12,1083,3500,0,3500,0,2,5.87,
econ-contention-with-enemy,medium,3,stall,loss,12,1083,3500,0,3500,0,2,5.87,
econ-contention-with-enemy,medium,4,stall,loss,12,1083,3500,0,3500,0,2,5.87,
econ-contention-with-enemy,hard,1,stall,loss,15,1353,4500,0,4500,0,2,5.71,
econ-contention-with-enemy,hard,2,stall,loss,15,1353,4000,0,4000,0,2,5.76,
econ-contention-with-enemy,hard,3,stall,loss,15,1353,4500,0,4500,0,2,5.71,
econ-contention-with-enemy,hard,4,stall,loss,15,1353,4000,0,4000,0,2,5.76,
econ-contested-expansion,easy,1,stall,loss,45,4053,5000,0,5000,0,0,5.05,
econ-contested-expansion,easy,2,stall,loss,45,4053,5000,0,5000,0,0,5.05,
econ-contested-expansion,easy,3,stall,loss,45,4053,5000,0,5000,0,0,5.05,
econ-contested-expansion,easy,4,stall,loss,45,4053,5000,0,5000,0,0,5.05,
econ-contested-expansion,medium,1,stall,loss,45,4053,5000,0,5000,0,0,5.05,
econ-contested-expansion,medium,2,stall,loss,45,4053,5000,0,5000,0,0,5.05,
econ-contested-expansion,medium,3,stall,loss,45,4053,5000,0,5000,0,0,5.05,
econ-contested-expansion,medium,4,stall,loss,45,4053,5000,0,5000,0,0,5.05,
econ-contested-expansion,hard,1,stall,loss,45,4053,5000,0,5000,0,0,4.64,
econ-contested-expansion,hard,2,stall,loss,45,4053,5000,0,5000,0,0,4.82,
econ-contested-expansion,hard,3,stall,loss,45,4053,5000,0,5000,0,0,4.64,
econ-contested-expansion,hard,4,stall,loss,45,4053,5000,0,5000,0,0,4.82,
econ-deny-enemy-expansion,easy,1,stall,loss,60,5403,0,0,0,0,0,4.8,
econ-deny-enemy-expansion,easy,2,stall,loss,60,5403,0,0,0,0,0,4.8,
econ-deny-enemy-expansion,easy,3,stall,loss,60,5403,0,0,0,0,0,4.8,
econ-deny-enemy-expansion,easy,4,stall,loss,60,5403,0,0,0,0,0,4.8,
econ-deny-enemy-expansion,medium,1,stall,loss,50,4503,0,0,0,0,0,4.8,
econ-deny-enemy-expansion,medium,2,stall,loss,50,4503,0,0,0,0,0,4.8,
econ-deny-enemy-expansion,medium,3,stall,loss,50,4503,0,0,0,0,0,4.8,
econ-deny-enemy-expansion,medium,4,stall,loss,50,4503,0,0,0,0,0,4.8,
econ-deny-enemy-expansion,hard,1,stall,loss,50,4503,0,0,0,0,0,4.34,
econ-deny-enemy-expansion,hard,2,stall,loss,50,4503,0,0,0,0,0,4.34,
econ-deny-enemy-expansion,hard,3,stall,loss,50,4503,0,0,0,0,0,4.34,
econ-deny-enemy-expansion,hard,4,stall,loss,50,4503,0,0,0,0,0,4.34,
econ-expansion-timing,easy,1,stall,loss,30,2703,5100,0,5100,0,0,4.36,
econ-expansion-timing,easy,2,stall,loss,30,2703,5100,0,5100,0,0,4.36,
econ-expansion-timing,easy,3,stall,loss,30,2703,5100,0,5100,0,0,4.36,
econ-expansion-timing,easy,4,stall,loss,30,2703,5100,0,5100,0,0,4.36,
econ-expansion-timing,medium,1,stall,loss,40,3603,6600,0,6600,0,0,4.56,
econ-expansion-timing,medium,2,stall,loss,40,3603,6600,0,6600,0,0,4.56,
econ-expansion-timing,medium,3,stall,loss,40,3603,6600,0,6600,0,0,4.56,
econ-expansion-timing,medium,4,stall,loss,40,3603,6600,0,6600,0,0,4.56,
econ-expansion-timing,hard,1,stall,loss,50,4503,7630,45,7675,0,0,4.66,
econ-expansion-timing,hard,2,stall,loss,50,4503,7630,45,7675,0,0,4.66,
econ-expansion-timing,hard,3,stall,loss,50,4503,7630,45,7675,0,0,4.66,
econ-expansion-timing,hard,4,stall,loss,50,4503,7630,45,7675,0,0,4.66,
econ-far-patch-vs-near-patch,easy,1,stall,loss,50,4503,1500,0,1500,0,0,10.37,
econ-far-patch-vs-near-patch,easy,2,stall,loss,50,4503,1500,0,1500,0,0,10.37,
econ-far-patch-vs-near-patch,easy,3,stall,loss,50,4503,1500,0,1500,0,0,10.37,
econ-far-patch-vs-near-patch,easy,4,stall,loss,50,4503,1500,0,1500,0,0,10.37,
econ-far-patch-vs-near-patch,medium,1,stall,loss,50,4503,1500,0,1500,0,0,10.37,
econ-far-patch-vs-near-patch,medium,2,stall,loss,50,4503,1500,0,1500,0,0,10.37,
econ-far-patch-vs-near-patch,medium,3,stall,loss,50,4503,1500,0,1500,0,0,10.37,
econ-far-patch-vs-near-patch,medium,4,stall,loss,50,4503,1500,0,1500,0,0,10.37,
econ-far-patch-vs-near-patch,hard,1,stall,loss,50,4503,1500,0,1500,0,0,10.34,
econ-far-patch-vs-near-patch,hard,2,stall,loss,50,4503,1500,0,1500,0,0,10.37,
econ-far-patch-vs-near-patch,hard,3,stall,loss,50,4503,1500,0,1500,0,0,10.34,
econ-far-patch-vs-near-patch,hard,4,stall,loss,50,4503,1500,0,1500,0,0,10.37,
econ-harvester-defense-raid,easy,1,stall,loss,23,2073,1000,0,1000,0,1,10.05,
econ-harvester-defense-raid,easy,2,stall,loss,23,2073,1000,0,1000,0,1,10.05,
econ-harvester-defense-raid,easy,3,stall,loss,23,2073,1000,0,1000,0,1,10.05,
econ-harvester-defense-raid,easy,4,stall,loss,23,2073,1000,0,1000,0,1,10.05,
econ-harvester-defense-raid,medium,1,stall,loss,23,2073,1000,0,1000,0,1,10.05,
econ-harvester-defense-raid,medium,2,stall,loss,23,2073,1000,0,1000,0,1,10.05,
econ-harvester-defense-raid,medium,3,stall,loss,23,2073,1000,0,1000,0,1,10.05,
econ-harvester-defense-raid,medium,4,stall,loss,23,2073,1000,0,1000,0,1,10.05,
econ-harvester-defense-raid,hard,1,stall,loss,25,2253,1500,0,1500,0,1,8.97,
econ-harvester-defense-raid,hard,2,stall,loss,25,2253,1500,0,1500,0,1,9.27,
econ-harvester-defense-raid,hard,3,stall,loss,25,2253,1500,0,1500,0,1,8.97,
econ-harvester-defense-raid,hard,4,stall,loss,25,2253,1500,0,1500,0,1,9.27,
econ-harvester-pathing-optimization,easy,1,stall,loss,50,4503,20080,345,20425,0,0,3.5,
econ-harvester-pathing-optimization,easy,2,stall,loss,50,4503,20080,345,20425,0,0,3.5,
econ-harvester-pathing-optimization,easy,3,stall,loss,50,4503,20080,345,20425,0,0,3.5,
econ-harvester-pathing-optimization,easy,4,stall,loss,50,4503,20080,345,20425,0,0,3.5,
econ-harvester-pathing-optimization,medium,1,stall,loss,50,4503,20080,345,20425,0,0,3.5,
econ-harvester-pathing-optimization,medium,2,stall,loss,50,4503,20080,345,20425,0,0,3.5,
econ-harvester-pathing-optimization,medium,3,stall,loss,50,4503,20080,345,20425,0,0,3.5,
econ-harvester-pathing-optimization,medium,4,stall,loss,50,4503,20080,345,20425,0,0,3.5,
econ-harvester-pathing-optimization,hard,1,stall,loss,50,4503,20080,195,20275,0,0,3.02,
econ-harvester-pathing-optimization,hard,2,stall,loss,50,4503,20080,195,20275,0,0,3.02,
econ-harvester-pathing-optimization,hard,3,stall,loss,50,4503,20080,195,20275,0,0,3.02,
econ-harvester-pathing-optimization,hard,4,stall,loss,50,4503,20080,195,20275,0,0,3.02,
econ-mine-and-grow,easy,1,stall,loss,40,3603,2000,0,2000,0,0,2.96,
econ-mine-and-grow,easy,2,stall,loss,40,3603,2000,0,2000,0,0,2.96,
econ-mine-and-grow,easy,3,stall,loss,40,3603,2000,0,2000,0,0,2.96,
econ-mine-and-grow,easy,4,stall,loss,40,3603,2000,0,2000,0,0,2.96,
econ-mine-and-grow,medium,1,stall,loss,40,3603,2000,0,2000,0,0,2.96,
econ-mine-and-grow,medium,2,stall,loss,40,3603,2000,0,2000,0,0,2.96,
econ-mine-and-grow,medium,3,stall,loss,40,3603,2000,0,2000,0,0,2.96,
econ-mine-and-grow,medium,4,stall,loss,40,3603,2000,0,2000,0,0,2.96,
econ-mine-and-grow,hard,1,stall,loss,40,3603,2000,0,2000,0,0,2.96,
econ-mine-and-grow,hard,2,stall,loss,40,3603,2000,0,2000,0,0,2.96,
econ-mine-and-grow,hard,3,stall,loss,40,3603,2000,0,2000,0,0,2.96,
econ-mine-and-grow,hard,4,stall,loss,40,3603,2000,0,2000,0,0,2.96,
econ-multi-patch-allocation,easy,1,stall,loss,40,3603,1500,0,1500,0,0,5.17,
econ-multi-patch-allocation,easy,2,stall,loss,40,3603,1500,0,1500,0,0,5.17,
econ-multi-patch-allocation,easy,3,stall,loss,40,3603,1500,0,1500,0,0,5.17,
econ-multi-patch-allocation,easy,4,stall,loss,40,3603,1500,0,1500,0,0,5.17,
econ-multi-patch-allocation,medium,1,stall,loss,40,3603,1500,0,1500,0,0,5.17,
econ-multi-patch-allocation,medium,2,stall,loss,40,3603,1500,0,1500,0,0,5.17,
econ-multi-patch-allocation,medium,3,stall,loss,40,3603,1500,0,1500,0,0,5.17,
econ-multi-patch-allocation,medium,4,stall,loss,40,3603,1500,0,1500,0,0,5.17,
econ-multi-patch-allocation,hard,1,stall,loss,40,3603,1500,0,1500,0,0,5.17,
econ-multi-patch-allocation,hard,2,stall,loss,40,3603,1500,0,1500,0,0,4.8,
econ-multi-patch-allocation,hard,3,stall,loss,40,3603,1500,0,1500,0,0,5.17,
econ-multi-patch-allocation,hard,4,stall,loss,40,3603,1500,0,1500,0,0,4.8,
econ-overflow-to-silos,easy,1,stall,loss,20,1803,5000,0,5000,0,0,4.46,
econ-overflow-to-silos,easy,2,stall,loss,20,1803,5000,0,5000,0,0,4.46,
econ-overflow-to-silos,easy,3,stall,loss,20,1803,5000,0,5000,0,0,4.46,
econ-overflow-to-silos,easy,4,stall,loss,20,1803,5000,0,5000,0,0,4.46,
econ-overflow-to-silos,medium,1,stall,loss,21,1893,18170,170,18340,0,0,7.83,
econ-overflow-to-silos,medium,2,stall,loss,21,1893,18170,170,18340,0,0,7.83,
econ-overflow-to-silos,medium,3,stall,loss,21,1893,18170,170,18340,0,0,7.83,
econ-overflow-to-silos,medium,4,stall,loss,21,1893,18170,170,18340,0,0,7.83,
econ-overflow-to-silos,hard,1,stall,loss,21,1893,18170,170,18340,0,0,7.83,
econ-overflow-to-silos,hard,2,stall,loss,21,1893,18170,170,18340,0,0,7.83,
econ-overflow-to-silos,hard,3,stall,loss,21,1893,18170,170,18340,0,0,7.83,
econ-overflow-to-silos,hard,4,stall,loss,21,1893,18170,170,18340,0,0,7.83,
econ-protect-harvester-route,easy,1,stall,loss,50,4503,0,0,0,1,0,4.37,
econ-protect-harvester-route,easy,2,stall,loss,50,4503,0,0,0,1,0,4.37,
econ-protect-harvester-route,easy,3,stall,loss,50,4503,0,0,0,1,0,4.37,
econ-protect-harvester-route,easy,4,stall,loss,50,4503,0,0,0,1,0,4.37,
econ-protect-harvester-route,medium,1,stall,loss,60,5403,0,0,0,1,0,4.37,
econ-protect-harvester-route,medium,2,stall,loss,60,5403,0,0,0,1,0,4.37,
econ-protect-harvester-route,medium,3,stall,loss,60,5403,0,0,0,1,0,4.37,
econ-protect-harvester-route,medium,4,stall,loss,60,5403,0,0,0,1,0,4.37,
econ-protect-harvester-route,hard,1,stall,loss,15,1353,0,0,0,1,1,4.37,
econ-protect-harvester-route,hard,2,stall,loss,60,5403,0,0,0,1,0,4.37,
econ-protect-harvester-route,hard,3,stall,loss,15,1353,0,0,0,1,1,4.37,
econ-protect-harvester-route,hard,4,stall,loss,60,5403,0,0,0,1,0,4.37,
econ-quantitative-vs-qualitative-spend,easy,1,stall,loss,25,2253,4500,0,4500,0,2,11.91,
econ-quantitative-vs-qualitative-spend,easy,2,stall,loss,25,2253,4500,0,4500,0,2,11.91,
econ-quantitative-vs-qualitative-spend,easy,3,stall,loss,25,2253,4500,0,4500,0,2,11.91,
econ-quantitative-vs-qualitative-spend,easy,4,stall,loss,25,2253,4500,0,4500,0,2,11.91,
econ-quantitative-vs-qualitative-spend,medium,1,stall,loss,25,2253,4500,0,4500,0,2,11.91,
econ-quantitative-vs-qualitative-spend,medium,2,stall,loss,25,2253,4500,0,4500,0,2,11.91,
econ-quantitative-vs-qualitative-spend,medium,3,stall,loss,25,2253,4500,0,4500,0,2,11.91,
econ-quantitative-vs-qualitative-spend,medium,4,stall,loss,25,2253,4500,0,4500,0,2,11.91,
econ-quantitative-vs-qualitative-spend,hard,1,stall,loss,6,543,4500,0,4500,0,2,10.84,
econ-quantitative-vs-qualitative-spend,hard,2,stall,loss,5,453,4500,0,4500,0,2,11.81,
econ-quantitative-vs-qualitative-spend,hard,3,stall,loss,6,543,4500,0,4500,0,2,10.84,
econ-quantitative-vs-qualitative-spend,hard,4,stall,loss,5,453,4500,0,4500,0,2,11.81,
econ-recover-from-zero-cash,easy,1,stall,loss,70,6303,9000,0,9000,0,0,4.79,
econ-recover-from-zero-cash,easy,2,stall,loss,70,6303,9000,0,9000,0,0,4.79,
econ-recover-from-zero-cash,easy,3,stall,loss,70,6303,9000,0,9000,0,0,4.79,
econ-recover-from-zero-cash,easy,4,stall,loss,70,6303,9000,0,9000,0,0,4.79,
econ-recover-from-zero-cash,medium,1,stall,loss,70,6303,9000,0,9000,0,0,4.79,
econ-recover-from-zero-cash,medium,2,stall,loss,70,6303,9000,0,9000,0,0,4.79,
econ-recover-from-zero-cash,medium,3,stall,loss,70,6303,9000,0,9000,0,0,4.79,
econ-recover-from-zero-cash,medium,4,stall,loss,70,6303,9000,0,9000,0,0,4.79,
econ-recover-from-zero-cash,hard,1,stall,loss,70,6303,9000,0,9000,0,0,4.79,
econ-recover-from-zero-cash,hard,2,stall,loss,70,6303,9000,0,9000,0,0,4.79,
econ-recover-from-zero-cash,hard,3,stall,loss,70,6303,9000,0,9000,0,0,4.79,
econ-recover-from-zero-cash,hard,4,stall,loss,70,6303,9000,0,9000,0,0,4.79,
econ-replace-dead-harvester,easy,1,stall,loss,60,5403,16600,0,16600,1,1,6.85,
econ-replace-dead-harvester,easy,2,stall,loss,60,5403,16600,0,16600,1,1,6.85,
econ-replace-dead-harvester,easy,3,stall,loss,60,5403,16600,0,16600,1,1,6.85,
econ-replace-dead-harvester,easy,4,stall,loss,60,5403,16600,0,16600,1,1,6.85,
econ-replace-dead-harvester,medium,1,stall,loss,60,5403,16600,0,16600,1,1,6.85,
econ-replace-dead-harvester,medium,2,stall,loss,60,5403,16600,0,16600,1,1,6.85,
econ-replace-dead-harvester,medium,3,stall,loss,60,5403,16600,0,16600,1,1,6.85,
econ-replace-dead-harvester,medium,4,stall,loss,60,5403,16600,0,16600,1,1,6.85,
econ-replace-dead-harvester,hard,1,stall,loss,11,993,5300,0,5300,2,3,7.48,
econ-replace-dead-harvester,hard,2,stall,loss,13,1173,6300,0,6300,3,3,7.48,
econ-replace-dead-harvester,hard,3,stall,loss,11,993,5300,0,5300,2,3,7.48,
econ-replace-dead-harvester,hard,4,stall,loss,13,1173,6300,0,6300,3,3,7.48,
econ-resource-trade-with-self,easy,1,stall,loss,30,2703,4500,0,4500,0,0,6.39,
econ-resource-trade-with-self,easy,2,stall,loss,30,2703,4500,0,4500,0,0,6.39,
econ-resource-trade-with-self,easy,3,stall,loss,30,2703,4500,0,4500,0,0,6.39,
econ-resource-trade-with-self,easy,4,stall,loss,30,2703,4500,0,4500,0,0,6.39,
econ-resource-trade-with-self,medium,1,stall,loss,40,3603,6000,0,6000,0,0,6.71,
econ-resource-trade-with-self,medium,2,stall,loss,40,3603,6000,0,6000,0,0,6.71,
econ-resource-trade-with-self,medium,3,stall,loss,40,3603,6000,0,6000,0,0,6.71,
econ-resource-trade-with-self,medium,4,stall,loss,40,3603,6000,0,6000,0,0,6.71,
econ-resource-trade-with-self,hard,1,stall,loss,50,4503,7500,0,7500,0,0,4.61,
econ-resource-trade-with-self,hard,2,stall,loss,50,4503,7030,45,7075,0,0,6.85,
econ-resource-trade-with-self,hard,3,stall,loss,50,4503,7500,0,7500,0,0,4.61,
econ-resource-trade-with-self,hard,4,stall,loss,50,4503,7030,45,7075,0,0,6.85,
econ-second-base-race,easy,1,stall,loss,40,3603,2000,0,2000,0,0,2.93,
econ-second-base-race,easy,2,stall,loss,40,3603,2000,0,2000,0,0,2.93,
econ-second-base-race,easy,3,stall,loss,40,3603,2000,0,2000,0,0,2.93,
econ-second-base-race,easy,4,stall,loss,40,3603,2000,0,2000,0,0,2.93,
econ-second-base-race,medium,1,stall,loss,40,3603,2000,0,2000,0,0,2.93,
econ-second-base-race,medium,2,stall,loss,40,3603,2000,0,2000,0,0,2.93,
econ-second-base-race,medium,3,stall,loss,40,3603,2000,0,2000,0,0,2.93,
econ-second-base-race,medium,4,stall,loss,40,3603,2000,0,2000,0,0,2.93,
econ-second-base-race,hard,1,stall,loss,40,3603,2000,0,2000,0,0,2.93,
econ-second-base-race,hard,2,stall,loss,40,3603,2000,0,2000,0,0,2.93,
econ-second-base-race,hard,3,stall,loss,40,3603,2000,0,2000,0,0,2.93,
econ-second-base-race,hard,4,stall,loss,40,3603,2000,0,2000,0,0,2.93,
econ-silo-vs-spend,easy,1,stall,loss,20,1803,5300,0,5300,0,0,9.6,
econ-silo-vs-spend,easy,2,stall,loss,20,1803,5300,0,5300,0,0,9.6,
econ-silo-vs-spend,easy,3,stall,loss,20,1803,5300,0,5300,0,0,9.6,
econ-silo-vs-spend,easy,4,stall,loss,20,1803,5300,0,5300,0,0,9.6,
econ-silo-vs-spend,medium,1,stall,loss,14,1263,6300,0,6300,0,0,10.23,
econ-silo-vs-spend,medium,2,stall,loss,14,1263,6300,0,6300,0,0,10.23,
econ-silo-vs-spend,medium,3,stall,loss,14,1263,6300,0,6300,0,0,10.23,
econ-silo-vs-spend,medium,4,stall,loss,14,1263,6300,0,6300,0,0,10.23,
econ-silo-vs-spend,hard,1,stall,loss,14,1263,6540,260,6800,0,0,10.16,
econ-silo-vs-spend,hard,2,stall,loss,14,1263,6300,0,6300,0,0,10.42,
econ-silo-vs-spend,hard,3,stall,loss,14,1263,6540,260,6800,0,0,10.16,
econ-silo-vs-spend,hard,4,stall,loss,14,1263,6300,0,6300,0,0,10.42,
econ-startup-from-scratch,easy,1,stall,loss,50,4503,1900,0,1900,0,0,1.1,
econ-startup-from-scratch,easy,2,stall,loss,50,4503,1900,0,1900,0,0,1.1,
econ-startup-from-scratch,easy,3,stall,loss,50,4503,1900,0,1900,0,0,1.1,
econ-startup-from-scratch,easy,4,stall,loss,50,4503,1900,0,1900,0,0,1.1,
econ-startup-from-scratch,medium,1,stall,loss,40,3603,1900,0,1900,0,0,1.1,
econ-startup-from-scratch,medium,2,stall,loss,40,3603,1900,0,1900,0,0,1.1,
econ-startup-from-scratch,medium,3,stall,loss,40,3603,1900,0,1900,0,0,1.1,
econ-startup-from-scratch,medium,4,stall,loss,40,3603,1900,0,1900,0,0,1.1,
econ-startup-from-scratch,hard,1,stall,loss,45,4053,1900,0,1900,0,0,1.1,
econ-startup-from-scratch,hard,2,stall,loss,45,4053,1900,0,1900,0,0,1.1,
econ-startup-from-scratch,hard,3,stall,loss,45,4053,1900,0,1900,0,0,1.1,
econ-startup-from-scratch,hard,4,stall,loss,45,4053,1900,0,1900,0,0,1.1,
econ-target-cash-amount-by-deadline,easy,1,stall,loss,30,2703,4600,0,4600,0,0,4.47,
econ-target-cash-amount-by-deadline,easy,2,stall,loss,30,2703,4600,0,4600,0,0,4.47,
econ-target-cash-amount-by-deadline,easy,3,stall,loss,30,2703,4600,0,4600,0,0,4.47,
econ-target-cash-amount-by-deadline,easy,4,stall,loss,30,2703,4600,0,4600,0,0,4.47,
econ-target-cash-amount-by-deadline,medium,1,stall,loss,50,4503,7130,45,7175,0,0,4.77,
econ-target-cash-amount-by-deadline,medium,2,stall,loss,50,4503,7130,45,7175,0,0,4.77,
econ-target-cash-amount-by-deadline,medium,3,stall,loss,50,4503,7130,45,7175,0,0,4.77,
econ-target-cash-amount-by-deadline,medium,4,stall,loss,50,4503,7130,45,7175,0,0,4.77,
econ-target-cash-amount-by-deadline,hard,1,stall,loss,45,4053,6600,0,6600,0,0,4.77,
econ-target-cash-amount-by-deadline,hard,2,stall,loss,45,4053,6600,0,6600,0,0,4.77,
econ-target-cash-amount-by-deadline,hard,3,stall,loss,45,4053,6600,0,6600,0,0,4.77,
econ-target-cash-amount-by-deadline,hard,4,stall,loss,45,4053,6600,0,6600,0,0,4.77,
econ-tech-vs-expand-decision,easy,1,stall,loss,30,2703,6000,0,6000,0,0,4.36,
econ-tech-vs-expand-decision,easy,2,stall,loss,30,2703,6000,0,6000,0,0,4.36,
econ-tech-vs-expand-decision,easy,3,stall,loss,30,2703,6000,0,6000,0,0,4.36,
econ-tech-vs-expand-decision,easy,4,stall,loss,30,2703,6000,0,6000,0,0,4.36,
econ-tech-vs-expand-decision,medium,1,stall,loss,40,3603,7500,0,7500,0,0,4.56,
econ-tech-vs-expand-decision,medium,2,stall,loss,40,3603,7500,0,7500,0,0,4.56,
econ-tech-vs-expand-decision,medium,3,stall,loss,40,3603,7500,0,7500,0,0,4.56,
econ-tech-vs-expand-decision,medium,4,stall,loss,40,3603,7500,0,7500,0,0,4.56,
econ-tech-vs-expand-decision,hard,1,stall,loss,50,4503,8530,45,8575,0,0,4.66,
econ-tech-vs-expand-decision,hard,2,stall,loss,50,4503,8530,45,8575,0,0,4.66,
econ-tech-vs-expand-decision,hard,3,stall,loss,50,4503,8530,45,8575,0,0,4.66,
econ-tech-vs-expand-decision,hard,4,stall,loss,50,4503,8530,45,8575,0,0,4.66,
economy-force-buildup,easy,1,stall,loss,30,2703,2400,0,2400,0,0,2.72,
economy-force-buildup,easy,2,stall,loss,30,2703,2400,0,2400,0,0,2.72,
economy-force-buildup,easy,3,stall,loss,30,2703,2400,0,2400,0,0,2.72,
economy-force-buildup,easy,4,stall,loss,30,2703,2400,0,2400,0,0,2.72,
economy-force-buildup,medium,1,stall,loss,28,2523,1900,0,1900,0,0,2.72,
economy-force-buildup,medium,2,stall,loss,28,2523,1900,0,1900,0,0,2.72,
economy-force-buildup,medium,3,stall,loss,28,2523,1900,0,1900,0,0,2.72,
economy-force-buildup,medium,4,stall,loss,28,2523,1900,0,1900,0,0,2.72,
economy-force-buildup,hard,1,stall,loss,24,2163,2150,0,2150,0,0,2.72,
economy-force-buildup,hard,2,stall,loss,24,2163,2150,0,2150,0,0,2.72,
economy-force-buildup,hard,3,stall,loss,24,2163,2150,0,2150,0,0,2.72,
economy-force-buildup,hard,4,stall,loss,24,2163,2150,0,2150,0,0,2.72,
economy-harvest-investment,easy,1,stall,loss,80,7203,11100,0,11100,0,0,4.53,
economy-harvest-investment,easy,2,stall,loss,80,7203,11100,0,11100,0,0,4.53,
economy-harvest-investment,easy,3,stall,loss,80,7203,11100,0,11100,0,0,4.53,
economy-harvest-investment,easy,4,stall,loss,80,7203,11100,0,11100,0,0,4.53,
economy-harvest-investment,medium,1,stall,loss,80,7203,11100,0,11100,0,0,4.53,
economy-harvest-investment,medium,2,stall,loss,80,7203,11100,0,11100,0,0,4.53,
economy-harvest-investment,medium,3,stall,loss,80,7203,11100,0,11100,0,0,4.53,
economy-harvest-investment,medium,4,stall,loss,80,7203,11100,0,11100,0,0,4.53,
economy-harvest-investment,hard,1,stall,loss,90,8103,12100,0,12100,0,0,4.34,
economy-harvest-investment,hard,2,stall,loss,90,8103,12600,0,12600,0,0,4.29,
economy-harvest-investment,hard,3,stall,loss,90,8103,12100,0,12100,0,0,4.34,
economy-harvest-investment,hard,4,stall,loss,90,8103,12600,0,12600,0,0,4.29,
economy-harvest-timebox,easy,1,stall,loss,30,2703,5100,0,5100,0,0,17.28,
economy-harvest-timebox,easy,2,stall,loss,30,2703,5100,0,5100,0,0,17.28,
economy-harvest-timebox,easy,3,stall,loss,30,2703,5100,0,5100,0,0,17.28,
economy-harvest-timebox,easy,4,stall,loss,30,2703,5100,0,5100,0,0,17.28,
economy-harvest-timebox,medium,1,stall,loss,34,3063,5600,0,5600,0,0,17.28,
economy-harvest-timebox,medium,2,stall,loss,34,3063,5600,0,5600,0,0,17.28,
economy-harvest-timebox,medium,3,stall,loss,34,3063,5600,0,5600,0,0,17.28,
economy-harvest-timebox,medium,4,stall,loss,34,3063,5600,0,5600,0,0,17.28,
economy-harvest-timebox,hard,1,stall,loss,40,3603,7700,0,7700,0,0,18.13,
economy-harvest-timebox,hard,2,stall,loss,40,3603,7700,0,7700,0,0,18.13,
economy-harvest-timebox,hard,3,stall,loss,40,3603,7700,0,7700,0,0,18.13,
economy-harvest-timebox,hard,4,stall,loss,40,3603,7700,0,7700,0,0,18.13,
economy-investment,easy,1,stall,loss,21,1893,1700,0,1700,0,0,3.01,
economy-investment,easy,2,stall,loss,21,1893,1700,0,1700,0,0,3.01,
economy-investment,easy,3,stall,loss,21,1893,1700,0,1700,0,0,3.01,
economy-investment,easy,4,stall,loss,21,1893,1700,0,1700,0,0,3.01,
economy-investment,medium,1,stall,loss,23,2073,2000,0,2000,0,0,3.01,
economy-investment,medium,2,stall,loss,23,2073,2000,0,2000,0,0,3.01,
economy-investment,medium,3,stall,loss,23,2073,2000,0,2000,0,0,3.01,
economy-investment,medium,4,stall,loss,23,2073,2000,0,2000,0,0,3.01,
economy-investment,hard,1,stall,loss,29,2613,2200,0,2200,0,0,3.01,
economy-investment,hard,2,stall,loss,29,2613,2200,0,2200,0,0,3.01,
economy-investment,hard,3,stall,loss,29,2613,2200,0,2200,0,0,3.01,
economy-investment,hard,4,stall,loss,29,2613,2200,0,2200,0,0,3.01,
economy-time-box,easy,1,stall,loss,56,5043,4000,0,4000,0,0,8.78,
economy-time-box,easy,2,stall,loss,56,5043,4000,0,4000,0,0,8.78,
economy-time-box,easy,3,stall,loss,56,5043,4000,0,4000,0,0,8.78,
economy-time-box,easy,4,stall,loss,56,5043,4000,0,4000,0,0,8.78,
economy-time-box,medium,1,stall,loss,62,5583,2400,0,2400,0,0,8.78,
economy-time-box,medium,2,stall,loss,62,5583,2400,0,2400,0,0,8.78,
economy-time-box,medium,3,stall,loss,62,5583,2400,0,2400,0,0,8.78,
economy-time-box,medium,4,stall,loss,62,5583,2400,0,2400,0,0,8.78,
economy-time-box,hard,1,stall,loss,73,6573,1700,0,1700,0,0,8.78,
economy-time-box,hard,2,stall,loss,73,6573,1700,0,1700,0,0,8.78,
economy-time-box,hard,3,stall,loss,73,6573,1700,0,1700,0,0,8.78,
economy-time-box,hard,4,stall,loss,73,6573,1700,0,1700,0,0,8.78,
expansion-aggro-3-base-greedy,easy,1,stall,loss,60,5403,0,0,0,0,0,0.74,
expansion-aggro-3-base-greedy,easy,2,stall,loss,60,5403,0,0,0,0,0,0.74,
expansion-aggro-3-base-greedy,easy,3,stall,loss,60,5403,0,0,0,0,0,0.74,
expansion-aggro-3-base-greedy,easy,4,stall,loss,60,5403,0,0,0,0,0,0.74,
expansion-aggro-3-base-greedy,medium,1,stall,loss,39,3513,0,0,0,0,0,0.93,
expansion-aggro-3-base-greedy,medium,2,stall,loss,39,3513,0,0,0,0,0,0.93,
expansion-aggro-3-base-greedy,medium,3,stall,loss,39,3513,0,0,0,0,0,0.93,
expansion-aggro-3-base-greedy,medium,4,stall,loss,39,3513,0,0,0,0,0,0.93,
expansion-aggro-3-base-greedy,hard,1,stall,loss,36,3243,0,0,0,0,0,0.93,
expansion-aggro-3-base-greedy,hard,2,stall,loss,36,3243,0,0,0,0,0,0.93,
expansion-aggro-3-base-greedy,hard,3,stall,loss,36,3243,0,0,0,0,0,0.93,
expansion-aggro-3-base-greedy,hard,4,stall,loss,36,3243,0,0,0,0,0,0.93,
expansion-balanced-2-base-defended,easy,1,stall,loss,60,5403,1500,0,1500,0,0,2.15,
expansion-balanced-2-base-defended,easy,2,stall,loss,60,5403,1500,0,1500,0,0,2.15,
expansion-balanced-2-base-defended,easy,3,stall,loss,60,5403,1500,0,1500,0,0,2.15,
expansion-balanced-2-base-defended,easy,4,stall,loss,60,5403,1500,0,1500,0,0,2.15,
expansion-balanced-2-base-defended,medium,1,stall,loss,60,5403,1500,0,1500,0,0,2.15,
expansion-balanced-2-base-defended,medium,2,stall,loss,60,5403,1500,0,1500,0,0,2.15,
expansion-balanced-2-base-defended,medium,3,stall,loss,60,5403,1500,0,1500,0,0,2.15,
expansion-balanced-2-base-defended,medium,4,stall,loss,60,5403,1500,0,1500,0,0,2.15,
expansion-balanced-2-base-defended,hard,1,stall,loss,54,4863,2500,0,2500,0,0,2.15,
expansion-balanced-2-base-defended,hard,2,stall,loss,54,4863,2500,0,2500,0,0,2.15,
expansion-balanced-2-base-defended,hard,3,stall,loss,54,4863,2500,0,2500,0,0,2.15,
expansion-balanced-2-base-defended,hard,4,stall,loss,54,4863,2500,0,2500,0,0,2.15,
expansion-turtle-1-base-fortified,easy,1,stall,loss,46,4143,13000,0,13000,0,4,11.86,
expansion-turtle-1-base-fortified,easy,2,stall,loss,46,4143,13000,0,13000,0,4,11.86,
expansion-turtle-1-base-fortified,easy,3,stall,loss,46,4143,13000,0,13000,0,4,11.86,
expansion-turtle-1-base-fortified,easy,4,stall,loss,46,4143,13000,0,13000,0,4,11.86,
expansion-turtle-1-base-fortified,medium,1,stall,loss,60,5403,8500,0,8500,5,1,14.52,
expansion-turtle-1-base-fortified,medium,2,stall,loss,60,5403,8500,0,8500,5,1,14.52,
expansion-turtle-1-base-fortified,medium,3,stall,loss,60,5403,8500,0,8500,5,1,14.52,
expansion-turtle-1-base-fortified,medium,4,stall,loss,60,5403,8500,0,8500,5,1,14.52,
expansion-turtle-1-base-fortified,hard,1,stall,loss,60,5403,16000,0,16000,11,3,10.29,
expansion-turtle-1-base-fortified,hard,2,stall,loss,60,5403,12500,0,12500,11,1,10.65,
expansion-turtle-1-base-fortified,hard,3,stall,loss,60,5403,16000,0,16000,11,3,10.29,
expansion-turtle-1-base-fortified,hard,4,stall,loss,60,5403,12500,0,12500,11,1,10.65,
f11-defense-then-counter,easy,1,stall,loss,99,8913,18500,0,18500,3,1,10.72,
f11-defense-then-counter,easy,2,stall,loss,99,8913,18500,0,18500,3,1,10.72,
f11-defense-then-counter,easy,3,stall,loss,99,8913,18500,0,18500,3,1,10.72,
f11-defense-then-counter,easy,4,stall,loss,99,8913,18500,0,18500,3,1,10.72,
f11-defense-then-counter,medium,1,stall,loss,41,3693,14500,0,14500,3,5,10.3,
f11-defense-then-counter,medium,2,stall,loss,41,3693,14500,0,14500,3,5,10.3,
f11-defense-then-counter,medium,3,stall,loss,41,3693,14500,0,14500,3,5,10.3,
f11-defense-then-counter,medium,4,stall,loss,41,3693,14500,0,14500,3,5,10.3,
f11-defense-then-counter,hard,1,stall,loss,32,2883,13500,0,13500,2,5,10.27,
f11-defense-then-counter,hard,2,stall,loss,39,3513,14500,0,14500,2,5,10.51,
f11-defense-then-counter,hard,3,stall,loss,32,2883,13500,0,13500,2,5,10.27,
f11-defense-then-counter,hard,4,stall,loss,39,3513,14500,0,14500,2,5,10.51,
f11-econ-tech-army-strike,easy,1,stall,loss,99,8913,16500,0,16500,0,0,8.76,
f11-econ-tech-army-strike,easy,2,stall,loss,99,8913,16500,0,16500,0,0,8.76,
f11-econ-tech-army-strike,easy,3,stall,loss,99,8913,16500,0,16500,0,0,8.76,
f11-econ-tech-army-strike,easy,4,stall,loss,99,8913,16500,0,16500,0,0,8.76,
f11-econ-tech-army-strike,medium,1,stall,loss,40,3603,18500,0,18500,0,2,6.35,
f11-econ-tech-army-strike,medium,2,stall,loss,40,3603,18500,0,18500,0,2,6.35,
f11-econ-tech-army-strike,medium,3,stall,loss,40,3603,18500,0,18500,0,2,6.35,
f11-econ-tech-army-strike,medium,4,stall,loss,40,3603,18500,0,18500,0,2,6.35,
f11-econ-tech-army-strike,hard,1,stall,loss,38,3423,19500,0,19500,0,2,6.25,
f11-econ-tech-army-strike,hard,2,stall,loss,38,3423,19500,0,19500,0,2,6.38,
f11-econ-tech-army-strike,hard,3,stall,loss,38,3423,19500,0,19500,0,2,6.25,
f11-econ-tech-army-strike,hard,4,stall,loss,38,3423,19500,0,19500,0,2,6.38,
f11-full-combined-arms,easy,1,stall,loss,105,9453,38500,0,38500,0,0,9.66,
f11-full-combined-arms,easy,2,stall,loss,105,9453,38500,0,38500,0,0,9.66,
f11-full-combined-arms,easy,3,stall,loss,105,9453,38500,0,38500,0,0,9.66,
f11-full-combined-arms,easy,4,stall,loss,105,9453,38500,0,38500,0,0,9.66,
f11-full-combined-arms,medium,1,stall,loss,58,5223,27000,0,27000,0,2,8.69,
f11-full-combined-arms,medium,2,stall,loss,58,5223,27000,0,27000,0,2,8.69,
f11-full-combined-arms,medium,3,stall,loss,58,5223,27000,0,27000,0,2,8.69,
f11-full-combined-arms,medium,4,stall,loss,58,5223,27000,0,27000,0,2,8.69,
f11-full-combined-arms,hard,1,stall,loss,86,7743,34000,0,34000,0,0,9.77,
f11-full-combined-arms,hard,2,stall,loss,87,7833,34000,0,34000,0,0,9.52,
f11-full-combined-arms,hard,3,stall,loss,86,7743,34000,0,34000,0,0,9.77,
f11-full-combined-arms,hard,4,stall,loss,87,7833,34000,0,34000,0,0,9.52,
f11-pivot-on-scout,easy,1,stall,loss,89,8013,17000,0,17000,0,0,13.68,
f11-pivot-on-scout,easy,2,stall,loss,89,8013,17000,0,17000,0,0,13.68,
f11-pivot-on-scout,easy,3,stall,loss,89,8013,17000,0,17000,0,0,13.68,
f11-pivot-on-scout,easy,4,stall,loss,89,8013,17000,0,17000,0,0,13.68,
f11-pivot-on-scout,medium,1,stall,loss,99,8913,33500,0,33500,0,0,13.76,
f11-pivot-on-scout,medium,2,stall,loss,99,8913,33500,0,33500,0,0,13.76,
f11-pivot-on-scout,medium,3,stall,loss,99,8913,33500,0,33500,0,0,13.76,
f11-pivot-on-scout,medium,4,stall,loss,99,8913,33500,0,33500,0,0,13.76,
f11-pivot-on-scout,hard,1,stall,loss,145,13053,44000,0,44000,0,0,13.63,
f11-pivot-on-scout,hard,2,stall,loss,145,13053,44000,0,44000,0,0,13.04,
f11-pivot-on-scout,hard,3,stall,loss,145,13053,44000,0,44000,0,0,13.63,
f11-pivot-on-scout,hard,4,stall,loss,145,13053,44000,0,44000,0,0,13.04,
f11-rebuild-after-attrition,easy,1,stall,loss,99,8913,28000,0,28000,0,0,14.95,
f11-rebuild-after-attrition,easy,2,stall,loss,99,8913,28000,0,28000,0,0,14.95,
f11-rebuild-after-attrition,easy,3,stall,loss,99,8913,28000,0,28000,0,0,14.95,
f11-rebuild-after-attrition,easy,4,stall,loss,99,8913,28000,0,28000,0,0,14.95,
f11-rebuild-after-attrition,medium,1,stall,loss,66,5943,18500,0,18500,0,4,13.74,
f11-rebuild-after-attrition,medium,2,stall,loss,66,5943,18500,0,18500,0,4,13.74,
f11-rebuild-after-attrition,medium,3,stall,loss,66,5943,18500,0,18500,0,4,13.74,
f11-rebuild-after-attrition,medium,4,stall,loss,66,5943,18500,0,18500,0,4,13.74,
f11-rebuild-after-attrition,hard,1,stall,loss,52,4683,13000,0,13000,0,4,12.47,
f11-rebuild-after-attrition,hard,2,stall,loss,52,4683,13000,0,13000,0,4,14.31,
f11-rebuild-after-attrition,hard,3,stall,loss,52,4683,13000,0,13000,0,4,12.47,
f11-rebuild-after-attrition,hard,4,stall,loss,52,4683,13000,0,13000,0,4,14.31,
f11-vertical-strike-ground-air,easy,1,stall,loss,94,8463,18000,0,18000,0,0,13.01,
f11-vertical-strike-ground-air,easy,2,stall,loss,94,8463,18000,0,18000,0,0,13.01,
f11-vertical-strike-ground-air,easy,3,stall,loss,94,8463,18000,0,18000,0,0,13.01,
f11-vertical-strike-ground-air,easy,4,stall,loss,94,8463,18000,0,18000,0,0,13.01,
f11-vertical-strike-ground-air,medium,1,stall,loss,49,4413,21500,0,21500,0,2,10.26,
f11-vertical-strike-ground-air,medium,2,stall,loss,49,4413,21500,0,21500,0,2,10.26,
f11-vertical-strike-ground-air,medium,3,stall,loss,49,4413,21500,0,21500,0,2,10.26,
f11-vertical-strike-ground-air,medium,4,stall,loss,49,4413,21500,0,21500,0,2,10.26,
f11-vertical-strike-ground-air,hard,1,stall,loss,70,6303,32500,0,32500,0,2,9.28,
f11-vertical-strike-ground-air,hard,2,stall,loss,75,6753,34000,0,34000,0,2,10.67,
f11-vertical-strike-ground-air,hard,3,stall,loss,70,6303,32500,0,32500,0,2,9.28,
f11-vertical-strike-ground-air,hard,4,stall,loss,75,6753,34000,0,34000,0,2,10.67,
f11-vertical-strike-naval,easy,1,stall,loss,99,8913,24000,0,24000,0,0,9.93,
f11-vertical-strike-naval,easy,2,stall,loss,99,8913,24000,0,24000,0,0,9.93,
f11-vertical-strike-naval,easy,3,stall,loss,99,8913,24000,0,24000,0,0,9.93,
f11-vertical-strike-naval,easy,4,stall,loss,99,8913,24000,0,24000,0,0,9.93,
f11-vertical-strike-naval,medium,1,stall,loss,49,4413,24000,0,24000,0,2,10.03,
f11-vertical-strike-naval,medium,2,stall,loss,49,4413,24000,0,24000,0,2,10.03,
f11-vertical-strike-naval,medium,3,stall,loss,49,4413,24000,0,24000,0,2,10.03,
f11-vertical-strike-naval,medium,4,stall,loss,49,4413,24000,0,24000,0,2,10.03,
f11-vertical-strike-naval,hard,1,stall,loss,94,8463,37500,0,37500,0,0,11.68,
f11-vertical-strike-naval,hard,2,stall,loss,76,6843,38500,0,38500,0,2,10.24,
f11-vertical-strike-naval,hard,3,stall,loss,94,8463,37500,0,37500,0,0,11.68,
f11-vertical-strike-naval,hard,4,stall,loss,76,6843,38500,0,38500,0,2,10.24,
harass-response-preserve,easy,1,stall,loss,50,4503,0,0,0,0,0,3.34,
harass-response-preserve,easy,2,stall,loss,50,4503,0,0,0,0,0,3.34,
harass-response-preserve,easy,3,stall,loss,50,4503,0,0,0,0,0,3.34,
harass-response-preserve,easy,4,stall,loss,50,4503,0,0,0,0,0,3.34,
harass-response-preserve,medium,1,stall,loss,50,4503,0,0,0,0,0,3.43,
harass-response-preserve,medium,2,stall,loss,50,4503,0,0,0,0,0,3.43,
harass-response-preserve,medium,3,stall,loss,50,4503,0,0,0,0,0,3.43,
harass-response-preserve,medium,4,stall,loss,50,4503,0,0,0,0,0,3.43,
harass-response-preserve,hard,1,stall,loss,50,4503,0,0,0,0,0,4.12,
harass-response-preserve,hard,2,stall,loss,50,4503,0,0,0,0,0,4.12,
harass-response-preserve,hard,3,stall,loss,50,4503,0,0,0,0,0,4.12,
harass-response-preserve,hard,4,stall,loss,50,4503,0,0,0,0,0,4.12,
lh-100-turn-marathon-survival,easy,1,stall,loss,80,7203,19050,75,19125,3,4,12.37,
lh-100-turn-marathon-survival,easy,2,stall,loss,80,7203,19050,75,19125,3,4,12.37,
lh-100-turn-marathon-survival,easy,3,stall,loss,80,7203,19050,75,19125,3,4,12.37,
lh-100-turn-marathon-survival,easy,4,stall,loss,80,7203,19050,75,19125,3,4,12.37,
lh-100-turn-marathon-survival,medium,1,stall,loss,31,2793,7500,0,7500,3,5,11.29,
lh-100-turn-marathon-survival,medium,2,stall,loss,31,2793,7500,0,7500,3,5,11.29,
lh-100-turn-marathon-survival,medium,3,stall,loss,31,2793,7500,0,7500,3,5,11.29,
lh-100-turn-marathon-survival,medium,4,stall,loss,31,2793,7500,0,7500,3,5,11.29,
lh-100-turn-marathon-survival,hard,1,stall,loss,69,6213,11000,0,11000,8,9,15.84,
lh-100-turn-marathon-survival,hard,2,stall,loss,34,3063,9000,0,9000,4,9,15.68,
lh-100-turn-marathon-survival,hard,3,stall,loss,69,6213,11000,0,11000,8,9,15.84,
lh-100-turn-marathon-survival,hard,4,stall,loss,34,3063,9000,0,9000,4,9,15.68,
lh-build-army-coordinate-multifront-attack,easy,1,stall,loss,80,7203,2000,0,2000,0,0,2.8,
lh-build-army-coordinate-multifront-attack,easy,2,stall,loss,80,7203,2000,0,2000,0,0,2.8,
lh-build-army-coordinate-multifront-attack,easy,3,stall,loss,80,7203,2000,0,2000,0,0,2.8,
lh-build-army-coordinate-multifront-attack,easy,4,stall,loss,80,7203,2000,0,2000,0,0,2.8,
lh-build-army-coordinate-multifront-attack,medium,1,stall,loss,80,7203,3500,0,3500,0,0,2.8,
lh-build-army-coordinate-multifront-attack,medium,2,stall,loss,80,7203,3500,0,3500,0,0,2.8,
lh-build-army-coordinate-multifront-attack,medium,3,stall,loss,80,7203,3500,0,3500,0,0,2.8,
lh-build-army-coordinate-multifront-attack,medium,4,stall,loss,80,7203,3500,0,3500,0,0,2.8,
lh-build-army-coordinate-multifront-attack,hard,1,stall,loss,80,7203,5500,0,5500,0,0,2.8,
lh-build-army-coordinate-multifront-attack,hard,2,stall,loss,80,7203,5500,0,5500,0,0,2.8,
lh-build-army-coordinate-multifront-attack,hard,3,stall,loss,80,7203,5500,0,5500,0,0,2.8,
lh-build-army-coordinate-multifront-attack,hard,4,stall,loss,80,7203,5500,0,5500,0,0,2.8,
lh-credit-only-final-phase,easy,1,stall,loss,80,7203,2500,0,2500,0,0,2.8,
lh-credit-only-final-phase,easy,2,stall,loss,80,7203,2500,0,2500,0,0,2.8,
lh-credit-only-final-phase,easy,3,stall,loss,80,7203,2500,0,2500,0,0,2.8,
lh-credit-only-final-phase,easy,4,stall,loss,80,7203,2500,0,2500,0,0,2.8,
lh-credit-only-final-phase,medium,1,stall,loss,80,7203,4000,0,4000,0,0,2.8,
lh-credit-only-final-phase,medium,2,stall,loss,80,7203,4000,0,4000,0,0,2.8,
lh-credit-only-final-phase,medium,3,stall,loss,80,7203,4000,0,4000,0,0,2.8,
lh-credit-only-final-phase,medium,4,stall,loss,80,7203,4000,0,4000,0,0,2.8,
lh-credit-only-final-phase,hard,1,stall,loss,80,7203,4000,0,4000,0,0,2.8,
lh-credit-only-final-phase,hard,2,stall,loss,80,7203,4000,0,4000,0,0,2.8,
lh-credit-only-final-phase,hard,3,stall,loss,80,7203,4000,0,4000,0,0,2.8,
lh-credit-only-final-phase,hard,4,stall,loss,80,7203,4000,0,4000,0,0,2.8,
lh-defense-tech-second-base,easy,1,stall,loss,89,8013,20500,0,20500,0,0,3.2,
lh-defense-tech-second-base,easy,2,stall,loss,89,8013,20500,0,20500,0,0,3.2,
lh-defense-tech-second-base,easy,3,stall,loss,89,8013,20500,0,20500,0,0,3.2,
lh-defense-tech-second-base,easy,4,stall,loss,89,8013,20500,0,20500,0,0,3.2,
lh-defense-tech-second-base,medium,1,stall,loss,80,7203,19000,0,19000,0,0,3.2,
lh-defense-tech-second-base,medium,2,stall,loss,80,7203,19000,0,19000,0,0,3.2,
lh-defense-tech-second-base,medium,3,stall,loss,80,7203,19000,0,19000,0,0,3.2,
lh-defense-tech-second-base,medium,4,stall,loss,80,7203,19000,0,19000,0,0,3.2,
lh-defense-tech-second-base,hard,1,stall,loss,80,7203,17000,0,17000,0,0,3.04,
lh-defense-tech-second-base,hard,2,stall,loss,80,7203,19500,0,19500,0,0,3.2,
lh-defense-tech-second-base,hard,3,stall,loss,80,7203,17000,0,17000,0,0,3.04,
lh-defense-tech-second-base,hard,4,stall,loss,80,7203,19500,0,19500,0,0,3.2,
lh-econ-army-victory,easy,1,stall,loss,50,4503,7330,45,7375,0,0,8.11,
lh-econ-army-victory,easy,2,stall,loss,50,4503,7330,45,7375,0,0,8.11,
lh-econ-army-victory,easy,3,stall,loss,50,4503,7330,45,7375,0,0,8.11,
lh-econ-army-victory,easy,4,stall,loss,50,4503,7330,45,7375,0,0,8.11,
lh-econ-army-victory,medium,1,stall,loss,50,4503,7130,45,7175,0,0,8.11,
lh-econ-army-victory,medium,2,stall,loss,50,4503,7130,45,7175,0,0,8.11,
lh-econ-army-victory,medium,3,stall,loss,50,4503,7130,45,7175,0,0,8.11,
lh-econ-army-victory,medium,4,stall,loss,50,4503,7130,45,7175,0,0,8.11,
lh-econ-army-victory,hard,1,stall,loss,60,5403,8500,0,8500,0,0,8.19,
lh-econ-army-victory,hard,2,stall,loss,60,5403,8500,0,8500,0,0,8.19,
lh-econ-army-victory,hard,3,stall,loss,60,5403,8500,0,8500,0,0,8.19,
lh-econ-army-victory,hard,4,stall,loss,60,5403,8500,0,8500,0,0,8.19,
lh-multi-checkpoint-5-plus,easy,1,stall,loss,80,7203,4000,0,4000,0,0,8.09,
lh-multi-checkpoint-5-plus,easy,2,stall,loss,80,7203,4000,0,4000,0,0,8.09,
lh-multi-checkpoint-5-plus,easy,3,stall,loss,80,7203,4000,0,4000,0,0,8.09,
lh-multi-checkpoint-5-plus,easy,4,stall,loss,80,7203,4000,0,4000,0,0,8.09,
lh-multi-checkpoint-5-plus,medium,1,stall,loss,80,7203,2500,0,2500,0,0,8.09,
lh-multi-checkpoint-5-plus,medium,2,stall,loss,80,7203,2500,0,2500,0,0,8.09,
lh-multi-checkpoint-5-plus,medium,3,stall,loss,80,7203,2500,0,2500,0,0,8.09,
lh-multi-checkpoint-5-plus,medium,4,stall,loss,80,7203,2500,0,2500,0,0,8.09,
lh-multi-checkpoint-5-plus,hard,1,stall,loss,80,7203,3000,0,3000,0,0,8.09,
lh-multi-checkpoint-5-plus,hard,2,stall,loss,80,7203,3000,0,3000,0,0,8.09,
lh-multi-checkpoint-5-plus,hard,3,stall,loss,80,7203,3000,0,3000,0,0,8.09,
lh-multi-checkpoint-5-plus,hard,4,stall,loss,80,7203,3000,0,3000,0,0,8.09,
lh-opening-to-defense-to-counter,easy,1,stall,loss,40,3363,6200,0,6200,0,0,7.76,
lh-opening-to-defense-to-counter,easy,2,stall,loss,40,3363,6200,0,6200,0,0,7.76,
lh-opening-to-defense-to-counter,easy,3,stall,loss,40,3363,6200,0,6200,0,0,7.76,
lh-opening-to-defense-to-counter,easy,4,stall,loss,40,3363,6200,0,6200,0,0,7.76,
lh-opening-to-defense-to-counter,medium,1,stall,loss,18,1293,4600,0,4600,0,0,7.58,
lh-opening-to-defense-to-counter,medium,2,stall,loss,18,1293,4600,0,4600,0,0,7.58,
lh-opening-to-defense-to-counter,medium,3,stall,loss,18,1293,4600,0,4600,0,0,7.58,
lh-opening-to-defense-to-counter,medium,4,stall,loss,18,1293,4600,0,4600,0,0,7.58,
lh-opening-to-defense-to-counter,hard,1,stall,loss,57,5088,8900,100,9000,10,1,8.21,
lh-opening-to-defense-to-counter,hard,2,stall,loss,56,5043,8500,0,8500,10,1,8.27,
lh-opening-to-defense-to-counter,hard,3,stall,loss,57,5088,8900,100,9000,10,1,8.21,
lh-opening-to-defense-to-counter,hard,4,stall,loss,56,5043,8500,0,8500,10,1,8.27,
lh-opening-to-tech-to-army,easy,1,stall,loss,100,9003,5000,0,5000,0,0,4.95,
lh-opening-to-tech-to-army,easy,2,stall,loss,100,9003,5000,0,5000,0,0,4.95,
lh-opening-to-tech-to-army,easy,3,stall,loss,100,9003,5000,0,5000,0,0,4.95,
lh-opening-to-tech-to-army,easy,4,stall,loss,100,9003,5000,0,5000,0,0,4.95,
lh-opening-to-tech-to-army,medium,1,stall,loss,80,7203,4500,0,4500,0,0,5.16,
lh-opening-to-tech-to-army,medium,2,stall,loss,80,7203,4500,0,4500,0,0,5.16,
lh-opening-to-tech-to-army,medium,3,stall,loss,80,7203,4500,0,4500,0,0,5.16,
lh-opening-to-tech-to-army,medium,4,stall,loss,80,7203,4500,0,4500,0,0,5.16,
lh-opening-to-tech-to-army,hard,1,stall,loss,104,9363,5000,0,5000,0,0,4.95,
lh-opening-to-tech-to-army,hard,2,stall,loss,104,9363,5000,0,5000,0,0,4.95,
lh-opening-to-tech-to-army,hard,3,stall,loss,104,9363,5000,0,5000,0,0,4.95,
lh-opening-to-tech-to-army,hard,4,stall,loss,104,9363,5000,0,5000,0,0,4.95,
lh-progression-stage-locked,easy,1,stall,loss,67,6033,3000,0,3000,0,0,7.46,
lh-progression-stage-locked,easy,2,stall,loss,67,6033,3000,0,3000,0,0,7.46,
lh-progression-stage-locked,easy,3,stall,loss,67,6033,3000,0,3000,0,0,7.46,
lh-progression-stage-locked,easy,4,stall,loss,67,6033,3000,0,3000,0,0,7.46,
lh-progression-stage-locked,medium,1,stall,loss,67,6033,2200,0,2200,0,0,7.46,
lh-progression-stage-locked,medium,2,stall,loss,67,6033,2200,0,2200,0,0,7.46,
lh-progression-stage-locked,medium,3,stall,loss,67,6033,2200,0,2200,0,0,7.46,
lh-progression-stage-locked,medium,4,stall,loss,67,6033,2200,0,2200,0,0,7.46,
lh-progression-stage-locked,hard,1,stall,loss,67,6033,2400,0,2400,0,0,6.97,
lh-progression-stage-locked,hard,2,stall,loss,67,6033,2400,0,2400,0,0,6.97,
lh-progression-stage-locked,hard,3,stall,loss,67,6033,2400,0,2400,0,0,6.97,
lh-progression-stage-locked,hard,4,stall,loss,67,6033,2400,0,2400,0,0,6.97,
lh-recovery-after-mid-game-loss,easy,1,stall,loss,60,5403,7400,0,7400,0,3,11.65,
lh-recovery-after-mid-game-loss,easy,2,stall,loss,60,5403,7400,0,7400,0,3,11.65,
lh-recovery-after-mid-game-loss,easy,3,stall,loss,60,5403,7400,0,7400,0,3,11.65,
lh-recovery-after-mid-game-loss,easy,4,stall,loss,60,5403,7400,0,7400,0,3,11.65,
lh-recovery-after-mid-game-loss,medium,1,stall,loss,52,4683,6500,0,6500,0,4,13.04,
lh-recovery-after-mid-game-loss,medium,2,stall,loss,52,4683,6500,0,6500,0,4,13.04,
lh-recovery-after-mid-game-loss,medium,3,stall,loss,52,4683,6500,0,6500,0,4,13.04,
lh-recovery-after-mid-game-loss,medium,4,stall,loss,52,4683,6500,0,6500,0,4,13.04,
lh-recovery-after-mid-game-loss,hard,1,stall,loss,52,4683,6500,0,6500,0,4,13.35,
lh-recovery-after-mid-game-loss,hard,2,stall,loss,52,4683,6500,0,6500,0,4,13.86,
lh-recovery-after-mid-game-loss,hard,3,stall,loss,52,4683,6500,0,6500,0,4,13.35,
lh-recovery-after-mid-game-loss,hard,4,stall,loss,52,4683,6500,0,6500,0,4,13.86,
lh-scout-react-counter,easy,1,stall,loss,70,6303,1500,0,1500,0,0,7.79,
lh-scout-react-counter,easy,2,stall,loss,70,6303,1500,0,1500,0,0,7.79,
lh-scout-react-counter,easy,3,stall,loss,70,6303,1500,0,1500,0,0,7.79,
lh-scout-react-counter,easy,4,stall,loss,70,6303,1500,0,1500,0,0,7.79,
lh-scout-react-counter,medium,1,stall,loss,70,6303,1500,0,1500,0,0,7.76,
lh-scout-react-counter,medium,2,stall,loss,70,6303,1500,0,1500,0,0,7.76,
lh-scout-react-counter,medium,3,stall,loss,70,6303,1500,0,1500,0,0,7.76,
lh-scout-react-counter,medium,4,stall,loss,70,6303,1500,0,1500,0,0,7.76,
lh-scout-react-counter,hard,1,stall,loss,70,6303,1500,0,1500,0,0,7.76,
lh-scout-react-counter,hard,2,stall,loss,70,6303,1500,0,1500,0,0,7.76,
lh-scout-react-counter,hard,3,stall,loss,70,6303,1500,0,1500,0,0,7.76,
lh-scout-react-counter,hard,4,stall,loss,70,6303,1500,0,1500,0,0,7.76,
lh-tech-pivot-attack,easy,1,stall,loss,80,7203,3500,0,3500,0,0,8.09,
lh-tech-pivot-attack,easy,2,stall,loss,80,7203,3500,0,3500,0,0,8.09,
lh-tech-pivot-attack,easy,3,stall,loss,80,7203,3500,0,3500,0,0,8.09,
lh-tech-pivot-attack,easy,4,stall,loss,80,7203,3500,0,3500,0,0,8.09,
lh-tech-pivot-attack,medium,1,stall,loss,80,7203,2500,0,2500,0,0,8.09,
lh-tech-pivot-attack,medium,2,stall,loss,80,7203,2500,0,2500,0,0,8.09,
lh-tech-pivot-attack,medium,3,stall,loss,80,7203,2500,0,2500,0,0,8.09,
lh-tech-pivot-attack,medium,4,stall,loss,80,7203,2500,0,2500,0,0,8.09,
lh-tech-pivot-attack,hard,1,stall,loss,70,6303,2500,0,2500,0,0,8.09,
lh-tech-pivot-attack,hard,2,stall,loss,70,6303,2500,0,2500,0,0,8.09,
lh-tech-pivot-attack,hard,3,stall,loss,70,6303,2500,0,2500,0,0,8.09,
lh-tech-pivot-attack,hard,4,stall,loss,70,6303,2500,0,2500,0,0,8.09,
lh-tech-rush-vs-army-rush,easy,1,stall,loss,38,2808,1800,0,1800,0,0,6.62,
lh-tech-rush-vs-army-rush,easy,2,stall,loss,38,2808,1800,0,1800,0,0,6.62,
lh-tech-rush-vs-army-rush,easy,3,stall,loss,38,2808,1800,0,1800,0,0,6.62,
lh-tech-rush-vs-army-rush,easy,4,stall,loss,38,2808,1800,0,1800,0,0,6.62,
lh-tech-rush-vs-army-rush,medium,1,stall,loss,24,1128,1800,0,1800,0,0,6.83,
lh-tech-rush-vs-army-rush,medium,2,stall,loss,24,1128,1800,0,1800,0,0,6.83,
lh-tech-rush-vs-army-rush,medium,3,stall,loss,24,1128,1800,0,1800,0,0,6.83,
lh-tech-rush-vs-army-rush,medium,4,stall,loss,24,1128,1800,0,1800,0,0,6.83,
lh-tech-rush-vs-army-rush,hard,1,stall,loss,23,1158,1800,0,1800,0,1,7.24,
lh-tech-rush-vs-army-rush,hard,2,stall,loss,26,1233,1800,0,1800,0,1,7.2,
lh-tech-rush-vs-army-rush,hard,3,stall,loss,23,1158,1800,0,1800,0,1,7.24,
lh-tech-rush-vs-army-rush,hard,4,stall,loss,26,1233,1800,0,1800,0,1,7.2,
longhorizon-opening-to-assault,easy,1,stall,loss,1,93,5000,0,5000,0,0,4.2,
longhorizon-opening-to-assault,easy,2,stall,loss,1,93,5000,0,5000,0,0,4.2,
longhorizon-opening-to-assault,easy,3,stall,loss,1,93,5000,0,5000,0,0,4.2,
longhorizon-opening-to-assault,easy,4,stall,loss,1,93,5000,0,5000,0,0,4.2,
longhorizon-opening-to-assault,medium,1,stall,loss,1,93,5000,0,5000,0,0,4.2,
longhorizon-opening-to-assault,medium,2,stall,loss,1,93,5000,0,5000,0,0,4.2,
longhorizon-opening-to-assault,medium,3,stall,loss,1,93,5000,0,5000,0,0,4.2,
longhorizon-opening-to-assault,medium,4,stall,loss,1,93,5000,0,5000,0,0,4.2,
longhorizon-opening-to-assault,hard,1,stall,loss,1,93,4500,0,4500,0,0,4.2,
longhorizon-opening-to-assault,hard,2,stall,loss,1,93,4500,0,4500,0,0,4.2,
longhorizon-opening-to-assault,hard,3,stall,loss,1,93,4500,0,4500,0,0,4.2,
longhorizon-opening-to-assault,hard,4,stall,loss,1,93,4500,0,4500,0,0,4.2,
maint-repair-priority-order,easy,1,stall,loss,10,903,4000,0,4000,0,0,9.88,
maint-repair-priority-order,easy,2,stall,loss,10,903,4000,0,4000,0,0,9.88,
maint-repair-priority-order,easy,3,stall,loss,10,903,4000,0,4000,0,0,9.88,
maint-repair-priority-order,easy,4,stall,loss,10,903,4000,0,4000,0,0,9.88,
maint-repair-priority-order,medium,1,stall,loss,9,813,4000,0,4000,0,0,10.01,
maint-repair-priority-order,medium,2,stall,loss,9,813,4000,0,4000,0,0,10.01,
maint-repair-priority-order,medium,3,stall,loss,9,813,4000,0,4000,0,0,10.01,
maint-repair-priority-order,medium,4,stall,loss,9,813,4000,0,4000,0,0,10.01,
maint-repair-priority-order,hard,1,stall,loss,9,813,4000,0,4000,0,0,10.33,
maint-repair-priority-order,hard,2,stall,loss,9,813,4000,0,4000,0,0,10.33,
maint-repair-priority-order,hard,3,stall,loss,9,813,4000,0,4000,0,0,10.33,
maint-repair-priority-order,hard,4,stall,loss,9,813,4000,0,4000,0,0,10.33,
maint-sell-and-recoup-cash,easy,1,stall,loss,87,7833,3500,0,3500,0,0,7.83,
maint-sell-and-recoup-cash,easy,2,stall,loss,87,7833,3500,0,3500,0,0,7.83,
maint-sell-and-recoup-cash,easy,3,stall,loss,87,7833,3500,0,3500,0,0,7.83,
maint-sell-and-recoup-cash,easy,4,stall,loss,87,7833,3500,0,3500,0,0,7.83,
maint-sell-and-recoup-cash,medium,1,stall,loss,87,7833,3000,0,3000,0,0,6.82,
maint-sell-and-recoup-cash,medium,2,stall,loss,87,7833,3000,0,3000,0,0,6.82,
maint-sell-and-recoup-cash,medium,3,stall,loss,87,7833,3000,0,3000,0,0,6.82,
maint-sell-and-recoup-cash,medium,4,stall,loss,87,7833,3000,0,3000,0,0,6.82,
maint-sell-and-recoup-cash,hard,1,stall,loss,87,7833,2800,0,2800,0,0,9.31,
maint-sell-and-recoup-cash,hard,2,stall,loss,87,7833,2800,0,2800,0,0,8.33,
maint-sell-and-recoup-cash,hard,3,stall,loss,87,7833,2800,0,2800,0,0,9.31,
maint-sell-and-recoup-cash,hard,4,stall,loss,87,7833,2800,0,2800,0,0,8.33,
mcv-deploy-and-build,easy,1,stall,loss,23,2073,1000,0,1000,0,0,1.48,
mcv-deploy-and-build,easy,2,stall,loss,23,2073,1000,0,1000,0,0,1.48,
mcv-deploy-and-build,easy,3,stall,loss,23,2073,1000,0,1000,0,0,1.48,
mcv-deploy-and-build,easy,4,stall,loss,23,2073,1000,0,1000,0,0,1.48,
mcv-deploy-and-build,medium,1,stall,loss,9,813,1000,0,1000,0,0,1.48,
mcv-deploy-and-build,medium,2,stall,loss,9,813,1000,0,1000,0,0,1.48,
mcv-deploy-and-build,medium,3,stall,loss,9,813,1000,0,1000,0,0,1.48,
mcv-deploy-and-build,medium,4,stall,loss,9,813,1000,0,1000,0,0,1.48,
mcv-deploy-and-build,hard,1,stall,loss,9,813,1500,0,1500,0,0,1.48,
mcv-deploy-and-build,hard,2,stall,loss,9,813,1500,0,1500,0,0,1.48,
mcv-deploy-and-build,hard,3,stall,loss,9,813,1500,0,1500,0,0,1.48,
mcv-deploy-and-build,hard,4,stall,loss,9,813,1500,0,1500,0,0,1.48,
mcv-deploy-defensible-site,easy,1,stall,loss,17,1533,1000,0,1000,0,0,1.26,
mcv-deploy-defensible-site,easy,2,stall,loss,17,1533,1000,0,1000,0,0,1.26,
mcv-deploy-defensible-site,easy,3,stall,loss,17,1533,1000,0,1000,0,0,1.26,
mcv-deploy-defensible-site,easy,4,stall,loss,17,1533,1000,0,1000,0,0,1.26,
mcv-deploy-defensible-site,medium,1,stall,loss,21,1536,1000,0,1000,0,1,1.62,
mcv-deploy-defensible-site,medium,2,stall,loss,21,1536,1000,0,1000,0,1,1.62,
mcv-deploy-defensible-site,medium,3,stall,loss,21,1536,1000,0,1000,0,1,1.62,
mcv-deploy-defensible-site,medium,4,stall,loss,21,1536,1000,0,1000,0,1,1.62,
mcv-deploy-defensible-site,hard,1,stall,loss,21,1512,1000,0,1000,0,1,1.77,
mcv-deploy-defensible-site,hard,2,stall,loss,19,1416,1000,0,1000,0,1,1.77,
mcv-deploy-defensible-site,hard,3,stall,loss,21,1512,1000,0,1000,0,1,1.77,
mcv-deploy-defensible-site,hard,4,stall,loss,19,1416,1000,0,1000,0,1,1.77,
mcv-deploy-near-resource,easy,1,stall,loss,60,5403,6000,0,6000,0,0,8.36,
mcv-deploy-near-resource,easy,2,stall,loss,60,5403,6000,0,6000,0,0,8.36,
mcv-deploy-near-resource,easy,3,stall,loss,60,5403,6000,0,6000,0,0,8.36,
mcv-deploy-near-resource,easy,4,stall,loss,60,5403,6000,0,6000,0,0,8.36,
mcv-deploy-near-resource,medium,1,stall,loss,50,4503,5000,0,5000,0,0,8.24,
mcv-deploy-near-resource,medium,2,stall,loss,50,4503,5000,0,5000,0,0,8.24,
mcv-deploy-near-resource,medium,3,stall,loss,50,4503,5000,0,5000,0,0,8.24,
mcv-deploy-near-resource,medium,4,stall,loss,50,4503,5000,0,5000,0,0,8.24,
mcv-deploy-near-resource,hard,1,stall,loss,60,5403,6000,0,6000,0,0,8.36,
mcv-deploy-near-resource,hard,2,stall,loss,60,5403,6000,0,6000,0,0,8.36,
mcv-deploy-near-resource,hard,3,stall,loss,60,5403,6000,0,6000,0,0,8.36,
mcv-deploy-near-resource,hard,4,stall,loss,60,5403,6000,0,6000,0,0,8.36,
mcv-deploy-relocate-under-pressure,easy,1,stall,loss,23,1818,0,0,0,0,0,8.23,
mcv-deploy-relocate-under-pressure,easy,2,stall,loss,23,1818,0,0,0,0,0,8.23,
mcv-deploy-relocate-under-pressure,easy,3,stall,loss,23,1818,0,0,0,0,0,8.23,
mcv-deploy-relocate-under-pressure,easy,4,stall,loss,23,1818,0,0,0,0,0,8.23,
mcv-deploy-relocate-under-pressure,medium,1,stall,loss,25,1803,0,0,0,0,0,8.4,
mcv-deploy-relocate-under-pressure,medium,2,stall,loss,25,1803,0,0,0,0,0,8.4,
mcv-deploy-relocate-under-pressure,medium,3,stall,loss,25,1803,0,0,0,0,0,8.4,
mcv-deploy-relocate-under-pressure,medium,4,stall,loss,25,1803,0,0,0,0,0,8.4,
mcv-deploy-relocate-under-pressure,hard,1,stall,loss,26,1878,0,0,0,0,0,8.76,
mcv-deploy-relocate-under-pressure,hard,2,stall,loss,26,1848,0,0,0,0,0,8.73,
mcv-deploy-relocate-under-pressure,hard,3,stall,loss,26,1878,0,0,0,0,0,8.76,
mcv-deploy-relocate-under-pressure,hard,4,stall,loss,26,1848,0,0,0,0,0,8.73,
mcv-deploy-second-base,easy,1,stall,loss,60,5403,4400,0,4400,0,0,5.44,
mcv-deploy-second-base,easy,2,stall,loss,60,5403,4400,0,4400,0,0,5.44,
mcv-deploy-second-base,easy,3,stall,loss,60,5403,4400,0,4400,0,0,5.44,
mcv-deploy-second-base,easy,4,stall,loss,60,5403,4400,0,4400,0,0,5.44,
mcv-deploy-second-base,medium,1,stall,loss,50,4503,4400,0,4400,0,0,5.44,
mcv-deploy-second-base,medium,2,stall,loss,50,4503,4400,0,4400,0,0,5.44,
mcv-deploy-second-base,medium,3,stall,loss,50,4503,4400,0,4400,0,0,5.44,
mcv-deploy-second-base,medium,4,stall,loss,50,4503,4400,0,4400,0,0,5.44,
mcv-deploy-second-base,hard,1,stall,loss,43,3873,4400,0,4400,0,0,5.44,
mcv-deploy-second-base,hard,2,stall,loss,43,3873,4400,0,4400,0,0,5.44,
mcv-deploy-second-base,hard,3,stall,loss,43,3873,4400,0,4400,0,0,5.44,
mcv-deploy-second-base,hard,4,stall,loss,43,3873,4400,0,4400,0,0,5.44,
mcv-deploy-third-base,easy,1,stall,loss,45,4053,0,0,0,0,0,2.08,
mcv-deploy-third-base,easy,2,stall,loss,45,4053,0,0,0,0,0,2.08,
mcv-deploy-third-base,easy,3,stall,loss,45,4053,0,0,0,0,0,2.08,
mcv-deploy-third-base,easy,4,stall,loss,45,4053,0,0,0,0,0,2.08,
mcv-deploy-third-base,medium,1,stall,loss,50,4503,0,0,0,0,0,1.62,
mcv-deploy-third-base,medium,2,stall,loss,50,4503,0,0,0,0,0,1.62,
mcv-deploy-third-base,medium,3,stall,loss,50,4503,0,0,0,0,0,1.62,
mcv-deploy-third-base,medium,4,stall,loss,50,4503,0,0,0,0,0,1.62,
mcv-deploy-third-base,hard,1,stall,loss,50,4503,0,0,0,0,0,1.86,
mcv-deploy-third-base,hard,2,stall,loss,50,4503,0,0,0,0,0,1.62,
mcv-deploy-third-base,hard,3,stall,loss,50,4503,0,0,0,0,0,1.86,
mcv-deploy-third-base,hard,4,stall,loss,50,4503,0,0,0,0,0,1.62,
mfb-base-1-defend-base-2-build,easy,1,stall,loss,17,1533,0,0,0,0,4,2.63,
mfb-base-1-defend-base-2-build,easy,2,stall,loss,17,1533,0,0,0,0,4,2.63,
mfb-base-1-defend-base-2-build,easy,3,stall,loss,17,1533,0,0,0,0,4,2.63,
mfb-base-1-defend-base-2-build,easy,4,stall,loss,17,1533,0,0,0,0,4,2.63,
mfb-base-1-defend-base-2-build,medium,1,stall,loss,17,1533,0,0,0,0,4,2.63,
mfb-base-1-defend-base-2-build,medium,2,stall,loss,17,1533,0,0,0,0,4,2.63,
mfb-base-1-defend-base-2-build,medium,3,stall,loss,17,1533,0,0,0,0,4,2.63,
mfb-base-1-defend-base-2-build,medium,4,stall,loss,17,1533,0,0,0,0,4,2.63,
mfb-base-1-defend-base-2-build,hard,1,stall,loss,19,1713,0,0,0,0,4,2.71,
mfb-base-1-defend-base-2-build,hard,2,stall,loss,18,1623,0,0,0,0,4,2.71,
mfb-base-1-defend-base-2-build,hard,3,stall,loss,19,1713,0,0,0,0,4,2.71,
mfb-base-1-defend-base-2-build,hard,4,stall,loss,18,1623,0,0,0,0,4,2.71,
mfb-mirror-base-east-west,easy,1,stall,loss,50,4503,1700,0,1700,0,5,4.9,
mfb-mirror-base-east-west,easy,2,stall,loss,50,4503,1700,0,1700,0,5,4.9,
mfb-mirror-base-east-west,easy,3,stall,loss,50,4503,1700,0,1700,0,5,4.9,
mfb-mirror-base-east-west,easy,4,stall,loss,50,4503,1700,0,1700,0,5,4.9,
mfb-mirror-base-east-west,medium,1,stall,loss,34,3063,1700,0,1700,0,3,5.76,
mfb-mirror-base-east-west,medium,2,stall,loss,34,3063,1700,0,1700,0,3,5.76,
mfb-mirror-base-east-west,medium,3,stall,loss,34,3063,1700,0,1700,0,3,5.76,
mfb-mirror-base-east-west,medium,4,stall,loss,34,3063,1700,0,1700,0,3,5.76,
mfb-mirror-base-east-west,hard,1,stall,loss,34,3063,1700,0,1700,0,1,5.64,
mfb-mirror-base-east-west,hard,2,stall,loss,34,3063,1700,0,1700,0,3,5.57,
mfb-mirror-base-east-west,hard,3,stall,loss,34,3063,1700,0,1700,0,1,5.64,
mfb-mirror-base-east-west,hard,4,stall,loss,34,3063,1700,0,1700,0,3,5.57,
mfb-redundant-tech-buildings,easy,1,stall,loss,70,6303,14000,0,14000,0,0,9.0,
mfb-redundant-tech-buildings,easy,2,stall,loss,70,6303,14000,0,14000,0,0,9.0,
mfb-redundant-tech-buildings,easy,3,stall,loss,70,6303,14000,0,14000,0,0,9.0,
mfb-redundant-tech-buildings,easy,4,stall,loss,70,6303,14000,0,14000,0,0,9.0,
mfb-redundant-tech-buildings,medium,1,stall,loss,60,5403,12500,0,12500,0,0,9.0,
mfb-redundant-tech-buildings,medium,2,stall,loss,60,5403,12500,0,12500,0,0,9.0,
mfb-redundant-tech-buildings,medium,3,stall,loss,60,5403,12500,0,12500,0,0,9.0,
mfb-redundant-tech-buildings,medium,4,stall,loss,60,5403,12500,0,12500,0,0,9.0,
mfb-redundant-tech-buildings,hard,1,stall,loss,60,5403,12500,0,12500,0,0,9.0,
mfb-redundant-tech-buildings,hard,2,stall,loss,60,5403,14500,0,14500,0,0,9.03,
mfb-redundant-tech-buildings,hard,3,stall,loss,60,5403,12500,0,12500,0,0,9.0,
mfb-redundant-tech-buildings,hard,4,stall,loss,60,5403,14500,0,14500,0,0,9.03,
mfb-rotating-production-pressure,easy,1,stall,loss,33,2688,6000,0,6000,0,0,6.75,
mfb-rotating-production-pressure,easy,2,stall,loss,33,2688,6000,0,6000,0,0,6.75,
mfb-rotating-production-pressure,easy,3,stall,loss,33,2688,6000,0,6000,0,0,6.75,
mfb-rotating-production-pressure,easy,4,stall,loss,33,2688,6000,0,6000,0,0,6.75,
mfb-rotating-production-pressure,medium,1,stall,loss,23,1728,6000,0,6000,0,0,6.78,
mfb-rotating-production-pressure,medium,2,stall,loss,23,1728,6000,0,6000,0,0,6.78,
mfb-rotating-production-pressure,medium,3,stall,loss,23,1728,6000,0,6000,0,0,6.78,
mfb-rotating-production-pressure,medium,4,stall,loss,23,1728,6000,0,6000,0,0,6.78,
mfb-rotating-production-pressure,hard,1,stall,loss,23,1728,6000,0,6000,0,0,7.85,
mfb-rotating-production-pressure,hard,2,stall,loss,23,1728,6000,0,6000,0,0,7.59,
mfb-rotating-production-pressure,hard,3,stall,loss,23,1728,6000,0,6000,0,0,7.85,
mfb-rotating-production-pressure,hard,4,stall,loss,23,1728,6000,0,6000,0,0,7.59,
mfb-supply-line-link-between-bases,easy,1,stall,loss,26,2343,0,0,0,0,1,5.01,
mfb-supply-line-link-between-bases,easy,2,stall,loss,26,2343,0,0,0,0,1,5.01,
mfb-supply-line-link-between-bases,easy,3,stall,loss,26,2343,0,0,0,0,1,5.01,
mfb-supply-line-link-between-bases,easy,4,stall,loss,26,2343,0,0,0,0,1,5.01,
mfb-supply-line-link-between-bases,medium,1,stall,loss,26,2343,0,0,0,0,3,5.12,
mfb-supply-line-link-between-bases,medium,2,stall,loss,26,2343,0,0,0,0,3,5.12,
mfb-supply-line-link-between-bases,medium,3,stall,loss,26,2343,0,0,0,0,3,5.12,
mfb-supply-line-link-between-bases,medium,4,stall,loss,26,2343,0,0,0,0,3,5.12,
mfb-supply-line-link-between-bases,hard,1,stall,loss,26,2343,0,0,0,4,4,5.76,
mfb-supply-line-link-between-bases,hard,2,stall,loss,26,2343,0,0,0,5,4,5.01,
mfb-supply-line-link-between-bases,hard,3,stall,loss,26,2343,0,0,0,4,4,5.76,
mfb-supply-line-link-between-bases,hard,4,stall,loss,26,2343,0,0,0,5,4,5.01,
mfb-tech-base-vs-economy-base,easy,1,stall,loss,70,6303,4000,0,4000,0,0,2.25,
mfb-tech-base-vs-economy-base,easy,2,stall,loss,70,6303,4000,0,4000,0,0,2.25,
mfb-tech-base-vs-economy-base,easy,3,stall,loss,70,6303,4000,0,4000,0,0,2.25,
mfb-tech-base-vs-economy-base,easy,4,stall,loss,70,6303,4000,0,4000,0,0,2.25,
mfb-tech-base-vs-economy-base,medium,1,stall,loss,70,6303,4000,0,4000,0,0,2.25,
mfb-tech-base-vs-economy-base,medium,2,stall,loss,70,6303,4000,0,4000,0,0,2.25,
mfb-tech-base-vs-economy-base,medium,3,stall,loss,70,6303,4000,0,4000,0,0,2.25,
mfb-tech-base-vs-economy-base,medium,4,stall,loss,70,6303,4000,0,4000,0,0,2.25,
mfb-tech-base-vs-economy-base,hard,1,stall,loss,60,5403,4000,0,4000,0,0,2.25,
mfb-tech-base-vs-economy-base,hard,2,stall,loss,60,5403,4000,0,4000,0,0,2.25,
mfb-tech-base-vs-economy-base,hard,3,stall,loss,60,5403,4000,0,4000,0,0,2.25,
mfb-tech-base-vs-economy-base,hard,4,stall,loss,60,5403,4000,0,4000,0,0,2.25,
mfb-third-base-against-clock,easy,1,stall,loss,70,6303,2400,0,2400,0,0,6.02,
mfb-third-base-against-clock,easy,2,stall,loss,70,6303,2400,0,2400,0,0,6.02,
mfb-third-base-against-clock,easy,3,stall,loss,70,6303,2400,0,2400,0,0,6.02,
mfb-third-base-against-clock,easy,4,stall,loss,70,6303,2400,0,2400,0,0,6.02,
mfb-third-base-against-clock,medium,1,stall,loss,50,4503,1800,0,1800,0,0,6.02,
mfb-third-base-against-clock,medium,2,stall,loss,50,4503,1800,0,1800,0,0,6.02,
mfb-third-base-against-clock,medium,3,stall,loss,50,4503,1800,0,1800,0,0,6.02,
mfb-third-base-against-clock,medium,4,stall,loss,50,4503,1800,0,1800,0,0,6.02,
mfb-third-base-against-clock,hard,1,stall,loss,60,5403,12030,270,12300,0,0,4.42,
mfb-third-base-against-clock,hard,2,stall,loss,60,5403,12030,270,12300,0,0,4.42,
mfb-third-base-against-clock,hard,3,stall,loss,60,5403,12030,270,12300,0,0,4.42,
mfb-third-base-against-clock,hard,4,stall,loss,60,5403,12030,270,12300,0,0,4.42,
mfb-two-base-simultaneous,easy,1,stall,loss,30,2703,2800,0,2800,0,0,2.35,
mfb-two-base-simultaneous,easy,2,stall,loss,30,2703,2800,0,2800,0,0,2.35,
mfb-two-base-simultaneous,easy,3,stall,loss,30,2703,2800,0,2800,0,0,2.35,
mfb-two-base-simultaneous,easy,4,stall,loss,30,2703,2800,0,2800,0,0,2.35,
mfb-two-base-simultaneous,medium,1,stall,loss,21,1893,2800,0,2800,0,0,2.35,
mfb-two-base-simultaneous,medium,2,stall,loss,21,1893,2800,0,2800,0,0,2.35,
mfb-two-base-simultaneous,medium,3,stall,loss,21,1893,2800,0,2800,0,0,2.35,
mfb-two-base-simultaneous,medium,4,stall,loss,21,1893,2800,0,2800,0,0,2.35,
mfb-two-base-simultaneous,hard,1,stall,loss,21,1893,2800,0,2800,0,0,2.42,
mfb-two-base-simultaneous,hard,2,stall,loss,21,1893,2800,0,2800,0,0,2.42,
mfb-two-base-simultaneous,hard,3,stall,loss,21,1893,2800,0,2800,0,0,2.42,
mfb-two-base-simultaneous,hard,4,stall,loss,21,1893,2800,0,2800,0,0,2.42,
mid-concede-vs-hold,easy,1,stall,loss,19,1713,0,0,0,0,5,9.25,
mid-concede-vs-hold,easy,2,stall,loss,19,1713,0,0,0,0,5,9.25,
mid-concede-vs-hold,easy,3,stall,loss,19,1713,0,0,0,0,5,9.25,
mid-concede-vs-hold,easy,4,stall,loss,19,1713,0,0,0,0,5,9.25,
mid-concede-vs-hold,medium,1,stall,loss,19,1713,0,0,0,0,5,9.25,
mid-concede-vs-hold,medium,2,stall,loss,19,1713,0,0,0,0,5,9.25,
mid-concede-vs-hold,medium,3,stall,loss,19,1713,0,0,0,0,5,9.25,
mid-concede-vs-hold,medium,4,stall,loss,19,1713,0,0,0,0,5,9.25,
mid-concede-vs-hold,hard,1,stall,loss,19,1713,0,0,0,0,6,9.4,
mid-concede-vs-hold,hard,2,stall,loss,19,1713,0,0,0,0,6,9.4,
mid-concede-vs-hold,hard,3,stall,loss,19,1713,0,0,0,0,6,9.4,
mid-concede-vs-hold,hard,4,stall,loss,19,1713,0,0,0,0,6,9.4,
mid-economy-under-fire,easy,1,stall,loss,60,5403,22500,0,22500,0,0,8.04,
mid-economy-under-fire,easy,2,stall,loss,60,5403,22500,0,22500,0,0,8.04,
mid-economy-under-fire,easy,3,stall,loss,60,5403,22500,0,22500,0,0,8.04,
mid-economy-under-fire,easy,4,stall,loss,60,5403,22500,0,22500,0,0,8.04,
mid-economy-under-fire,medium,1,stall,loss,21,1893,7000,0,7000,0,3,7.26,
mid-economy-under-fire,medium,2,stall,loss,21,1893,7000,0,7000,0,3,7.26,
mid-economy-under-fire,medium,3,stall,loss,21,1893,7000,0,7000,0,3,7.26,
mid-economy-under-fire,medium,4,stall,loss,21,1893,7000,0,7000,0,3,7.26,
mid-economy-under-fire,hard,1,stall,loss,16,1443,5500,0,5500,0,3,8.04,
mid-economy-under-fire,hard,2,stall,loss,17,1533,5500,0,5500,0,3,8.13,
mid-economy-under-fire,hard,3,stall,loss,16,1443,5500,0,5500,0,3,8.04,
mid-economy-under-fire,hard,4,stall,loss,17,1533,5500,0,5500,0,3,8.13,
mid-tech-switch-on-scout,easy,1,stall,loss,60,5403,4500,0,4500,0,0,10.44,
mid-tech-switch-on-scout,easy,2,stall,loss,60,5403,4500,0,4500,0,0,10.44,
mid-tech-switch-on-scout,easy,3,stall,loss,60,5403,4500,0,4500,0,0,10.44,
mid-tech-switch-on-scout,easy,4,stall,loss,60,5403,4500,0,4500,0,0,10.44,
mid-tech-switch-on-scout,medium,1,stall,loss,70,6303,2700,0,2700,0,0,10.44,
mid-tech-switch-on-scout,medium,2,stall,loss,70,6303,2700,0,2700,0,0,10.44,
mid-tech-switch-on-scout,medium,3,stall,loss,70,6303,2700,0,2700,0,0,10.44,
mid-tech-switch-on-scout,medium,4,stall,loss,70,6303,2700,0,2700,0,0,10.44,
mid-tech-switch-on-scout,hard,1,stall,loss,70,6303,2700,0,2700,0,0,10.44,
mid-tech-switch-on-scout,hard,2,stall,loss,70,6303,2700,0,2700,0,0,10.44,
mid-tech-switch-on-scout,hard,3,stall,loss,70,6303,2700,0,2700,0,0,10.44,
mid-tech-switch-on-scout,hard,4,stall,loss,70,6303,2700,0,2700,0,0,10.44,
navigation-confined-hard-only,easy,1,stall,loss,10,903,0,0,0,0,0,5.82,
navigation-confined-hard-only,easy,2,stall,loss,10,903,0,0,0,0,0,5.82,
navigation-confined-hard-only,easy,3,stall,loss,10,903,0,0,0,0,0,5.82,
navigation-confined-hard-only,easy,4,stall,loss,10,903,0,0,0,0,0,5.82,
navigation-confined-hard-only,medium,1,stall,loss,17,1533,0,0,0,0,0,5.82,
navigation-confined-hard-only,medium,2,stall,loss,17,1533,0,0,0,0,0,5.82,
navigation-confined-hard-only,medium,3,stall,loss,17,1533,0,0,0,0,0,5.82,
navigation-confined-hard-only,medium,4,stall,loss,17,1533,0,0,0,0,0,5.82,
navigation-confined-hard-only,hard,1,stall,loss,30,2703,0,0,0,0,0,5.19,
navigation-confined-hard-only,hard,2,stall,loss,30,2703,0,0,0,0,0,5.19,
navigation-confined-hard-only,hard,3,stall,loss,30,2703,0,0,0,0,0,5.19,
navigation-confined-hard-only,hard,4,stall,loss,30,2703,0,0,0,0,0,5.19,
perception-count-the-threat-small-k,easy,1,stall,loss,25,2253,0,0,0,0,0,2.69,
perception-count-the-threat-small-k,easy,2,stall,loss,25,2253,0,0,0,0,0,2.69,
perception-count-the-threat-small-k,easy,3,stall,loss,25,2253,0,0,0,0,0,2.69,
perception-count-the-threat-small-k,easy,4,stall,loss,25,2253,0,0,0,0,0,2.69,
perception-count-the-threat-small-k,medium,1,stall,loss,32,2883,0,0,0,0,0,2.69,
perception-count-the-threat-small-k,medium,2,stall,loss,32,2883,0,0,0,0,0,2.69,
perception-count-the-threat-small-k,medium,3,stall,loss,32,2883,0,0,0,0,0,2.69,
perception-count-the-threat-small-k,medium,4,stall,loss,32,2883,0,0,0,0,0,2.69,
perception-count-the-threat-small-k,hard,1,stall,loss,39,3513,0,0,0,0,0,2.69,
perception-count-the-threat-small-k,hard,2,stall,loss,39,3513,0,0,0,0,0,2.69,
perception-count-the-threat-small-k,hard,3,stall,loss,39,3513,0,0,0,0,0,2.69,
perception-count-the-threat-small-k,hard,4,stall,loss,39,3513,0,0,0,0,0,2.69,
perception-count-the-threat,easy,1,stall,loss,27,2433,2000,0,2000,0,0,6.16,
perception-count-the-threat,easy,2,stall,loss,27,2433,2000,0,2000,0,0,6.16,
perception-count-the-threat,easy,3,stall,loss,27,2433,2000,0,2000,0,0,6.16,
perception-count-the-threat,easy,4,stall,loss,27,2433,2000,0,2000,0,0,6.16,
perception-count-the-threat,medium,1,stall,loss,40,3603,2400,0,2400,0,0,6.91,
perception-count-the-threat,medium,2,stall,loss,40,3603,2400,0,2400,0,0,6.91,
perception-count-the-threat,medium,3,stall,loss,40,3603,2400,0,2400,0,0,6.91,
perception-count-the-threat,medium,4,stall,loss,40,3603,2400,0,2400,0,0,6.91,
perception-count-the-threat,hard,1,stall,loss,40,3603,2400,0,2400,0,0,6.91,
perception-count-the-threat,hard,2,stall,loss,40,3603,2400,0,2400,0,0,6.91,
perception-count-the-threat,hard,3,stall,loss,40,3603,2400,0,2400,0,0,6.91,
perception-count-the-threat,hard,4,stall,loss,40,3603,2400,0,2400,0,0,6.91,
perception-frontier-reading,easy,1,stall,loss,25,2253,0,0,0,0,0,3.28,
perception-frontier-reading,easy,2,stall,loss,25,2253,0,0,0,0,0,3.28,
perception-frontier-reading,easy,3,stall,loss,25,2253,0,0,0,0,0,3.28,
perception-frontier-reading,easy,4,stall,loss,25,2253,0,0,0,0,0,3.28,
perception-frontier-reading,medium,1,stall,loss,32,2883,0,0,0,0,0,3.28,
perception-frontier-reading,medium,2,stall,loss,32,2883,0,0,0,0,0,3.28,
perception-frontier-reading,medium,3,stall,loss,32,2883,0,0,0,0,0,3.28,
perception-frontier-reading,medium,4,stall,loss,32,2883,0,0,0,0,0,3.28,
perception-frontier-reading,hard,1,stall,loss,39,3513,0,0,0,0,0,2.82,
perception-frontier-reading,hard,2,stall,loss,39,3513,0,0,0,0,0,3.28,
perception-frontier-reading,hard,3,stall,loss,39,3513,0,0,0,0,0,2.82,
perception-frontier-reading,hard,4,stall,loss,39,3513,0,0,0,0,0,3.28,
perception-target-vs-fog,easy,1,stall,loss,23,2073,0,0,0,0,0,3.09,
perception-target-vs-fog,easy,2,stall,loss,23,2073,0,0,0,0,0,3.09,
perception-target-vs-fog,easy,3,stall,loss,23,2073,0,0,0,0,0,3.09,
perception-target-vs-fog,easy,4,stall,loss,23,2073,0,0,0,0,0,3.09,
perception-target-vs-fog,medium,1,stall,loss,26,2343,0,0,0,0,0,3.09,
perception-target-vs-fog,medium,2,stall,loss,26,2343,0,0,0,0,0,3.09,
perception-target-vs-fog,medium,3,stall,loss,26,2343,0,0,0,0,0,3.09,
perception-target-vs-fog,medium,4,stall,loss,26,2343,0,0,0,0,0,3.09,
perception-target-vs-fog,hard,1,stall,loss,30,2703,0,0,0,0,0,3.09,
perception-target-vs-fog,hard,2,stall,loss,30,2703,0,0,0,0,0,3.09,
perception-target-vs-fog,hard,3,stall,loss,30,2703,0,0,0,0,0,3.09,
perception-target-vs-fog,hard,4,stall,loss,30,2703,0,0,0,0,0,3.09,
power-budget-online,easy,1,stall,loss,70,6303,8200,0,8200,0,0,14.77,
power-budget-online,easy,2,stall,loss,70,6303,8200,0,8200,0,0,14.77,
power-budget-online,easy,3,stall,loss,70,6303,8200,0,8200,0,0,14.77,
power-budget-online,easy,4,stall,loss,70,6303,8200,0,8200,0,0,14.77,
power-budget-online,medium,1,stall,loss,67,6033,8500,0,8500,0,0,14.77,
power-budget-online,medium,2,stall,loss,67,6033,8500,0,8500,0,0,14.77,
power-budget-online,medium,3,stall,loss,67,6033,8500,0,8500,0,0,14.77,
power-budget-online,medium,4,stall,loss,67,6033,8500,0,8500,0,0,14.77,
power-budget-online,hard,1,stall,loss,67,6033,8500,0,8500,0,0,12.22,
power-budget-online,hard,2,stall,loss,67,6033,8500,0,8500,0,0,14.77,
power-budget-online,hard,3,stall,loss,67,6033,8500,0,8500,0,0,12.22,
power-budget-online,hard,4,stall,loss,67,6033,8500,0,8500,0,0,14.77,
proc-checklist-no-deviation,easy,1,stall,loss,33,2973,0,0,0,0,0,22.7,
proc-checklist-no-deviation,easy,2,stall,loss,33,2973,0,0,0,0,0,22.7,
proc-checklist-no-deviation,easy,3,stall,loss,33,2973,0,0,0,0,0,22.7,
proc-checklist-no-deviation,easy,4,stall,loss,33,2973,0,0,0,0,0,22.7,
proc-checklist-no-deviation,medium,1,stall,loss,43,3873,0,0,0,0,0,22.7,
proc-checklist-no-deviation,medium,2,stall,loss,43,3873,0,0,0,0,0,22.7,
proc-checklist-no-deviation,medium,3,stall,loss,43,3873,0,0,0,0,0,22.7,
proc-checklist-no-deviation,medium,4,stall,loss,43,3873,0,0,0,0,0,22.7,
proc-checklist-no-deviation,hard,1,stall,loss,50,4503,0,0,0,0,0,26.15,
proc-checklist-no-deviation,hard,2,stall,loss,50,4503,0,0,0,0,0,22.7,
proc-checklist-no-deviation,hard,3,stall,loss,50,4503,0,0,0,0,0,26.15,
proc-checklist-no-deviation,hard,4,stall,loss,50,4503,0,0,0,0,0,22.7,
proc-conditional-branch-action,easy,1,stall,loss,43,3798,1500,0,1500,0,2,6.63,
proc-conditional-branch-action,easy,2,stall,loss,43,3798,1500,0,1500,0,2,6.63,
proc-conditional-branch-action,easy,3,stall,loss,43,3798,1500,0,1500,0,2,6.63,
proc-conditional-branch-action,easy,4,stall,loss,43,3798,1500,0,1500,0,2,6.63,
proc-conditional-branch-action,medium,1,stall,loss,36,3213,1500,0,1500,0,0,4.78,
proc-conditional-branch-action,medium,2,stall,loss,36,3213,1500,0,1500,0,0,4.78,
proc-conditional-branch-action,medium,3,stall,loss,36,3213,1500,0,1500,0,0,4.78,
proc-conditional-branch-action,medium,4,stall,loss,36,3213,1500,0,1500,0,0,4.78,
proc-conditional-branch-action,hard,1,stall,loss,62,5478,1500,0,1500,0,2,5.21,
proc-conditional-branch-action,hard,2,stall,loss,61,5418,1500,0,1500,0,2,5.21,
proc-conditional-branch-action,hard,3,stall,loss,62,5478,1500,0,1500,0,2,5.21,
proc-conditional-branch-action,hard,4,stall,loss,61,5418,1500,0,1500,0,2,5.21,
proc-instruction-following-edge-case,easy,1,stall,loss,50,4503,0,0,0,0,0,15.75,
proc-instruction-following-edge-case,easy,2,stall,loss,50,4503,0,0,0,0,0,15.75,
proc-instruction-following-edge-case,easy,3,stall,loss,50,4503,0,0,0,0,0,15.75,
proc-instruction-following-edge-case,easy,4,stall,loss,50,4503,0,0,0,0,0,15.75,
proc-instruction-following-edge-case,medium,1,stall,loss,50,4503,0,0,0,0,0,15.75,
proc-instruction-following-edge-case,medium,2,stall,loss,50,4503,0,0,0,0,0,15.75,
proc-instruction-following-edge-case,medium,3,stall,loss,50,4503,0,0,0,0,0,15.75,
proc-instruction-following-edge-case,medium,4,stall,loss,50,4503,0,0,0,0,0,15.75,
proc-instruction-following-edge-case,hard,1,stall,loss,50,4503,0,0,0,0,0,24.68,
proc-instruction-following-edge-case,hard,2,stall,loss,50,4503,0,0,0,0,0,24.03,
proc-instruction-following-edge-case,hard,3,stall,loss,50,4503,0,0,0,0,0,24.68,
proc-instruction-following-edge-case,hard,4,stall,loss,50,4503,0,0,0,0,0,24.03,
proc-no-attack-passive-only,easy,1,stall,loss,50,4503,0,0,0,0,0,7.39,
proc-no-attack-passive-only,easy,2,stall,loss,50,4503,0,0,0,0,0,7.39,
proc-no-attack-passive-only,easy,3,stall,loss,50,4503,0,0,0,0,0,7.39,
proc-no-attack-passive-only,easy,4,stall,loss,50,4503,0,0,0,0,0,7.39,
proc-no-attack-passive-only,medium,1,stall,loss,50,4503,0,0,0,0,0,7.39,
proc-no-attack-passive-only,medium,2,stall,loss,50,4503,0,0,0,0,0,7.39,
proc-no-attack-passive-only,medium,3,stall,loss,50,4503,0,0,0,0,0,7.39,
proc-no-attack-passive-only,medium,4,stall,loss,50,4503,0,0,0,0,0,7.39,
proc-no-attack-passive-only,hard,1,stall,loss,50,4503,0,0,0,0,0,7.39,
proc-no-attack-passive-only,hard,2,stall,loss,50,4503,0,0,0,0,0,7.39,
proc-no-attack-passive-only,hard,3,stall,loss,50,4503,0,0,0,0,0,7.39,
proc-no-attack-passive-only,hard,4,stall,loss,50,4503,0,0,0,0,0,7.39,
proc-only-build-no-combat,easy,1,stall,loss,60,5403,2600,0,2600,0,0,3.7,
proc-only-build-no-combat,easy,2,stall,loss,60,5403,2600,0,2600,0,0,3.7,
proc-only-build-no-combat,easy,3,stall,loss,60,5403,2600,0,2600,0,0,3.7,
proc-only-build-no-combat,easy,4,stall,loss,60,5403,2600,0,2600,0,0,3.7,
proc-only-build-no-combat,medium,1,stall,loss,60,5403,2400,0,2400,0,0,4.79,
proc-only-build-no-combat,medium,2,stall,loss,60,5403,2400,0,2400,0,0,4.79,
proc-only-build-no-combat,medium,3,stall,loss,60,5403,2400,0,2400,0,0,4.79,
proc-only-build-no-combat,medium,4,stall,loss,60,5403,2400,0,2400,0,0,4.79,
proc-only-build-no-combat,hard,1,stall,loss,60,5403,2900,0,2900,0,1,4.55,
proc-only-build-no-combat,hard,2,stall,loss,60,5403,2900,0,2900,0,1,4.7,
proc-only-build-no-combat,hard,3,stall,loss,60,5403,2900,0,2900,0,1,4.55,
proc-only-build-no-combat,hard,4,stall,loss,60,5403,2900,0,2900,0,1,4.7,
proc-only-defend-no-attack,easy,1,stall,loss,50,4503,0,0,0,0,1,3.51,
proc-only-defend-no-attack,easy,2,stall,loss,50,4503,0,0,0,0,1,3.51,
proc-only-defend-no-attack,easy,3,stall,loss,50,4503,0,0,0,0,1,3.51,
proc-only-defend-no-attack,easy,4,stall,loss,50,4503,0,0,0,0,1,3.51,
proc-only-defend-no-attack,medium,1,stall,loss,50,4503,0,0,0,0,1,3.51,
proc-only-defend-no-attack,medium,2,stall,loss,50,4503,0,0,0,0,1,3.51,
proc-only-defend-no-attack,medium,3,stall,loss,50,4503,0,0,0,0,1,3.51,
proc-only-defend-no-attack,medium,4,stall,loss,50,4503,0,0,0,0,1,3.51,
proc-only-defend-no-attack,hard,1,stall,loss,50,4503,0,0,0,0,0,3.63,
proc-only-defend-no-attack,hard,2,stall,loss,50,4503,0,0,0,0,0,3.63,
proc-only-defend-no-attack,hard,3,stall,loss,50,4503,0,0,0,0,0,3.63,
proc-only-defend-no-attack,hard,4,stall,loss,50,4503,0,0,0,0,0,3.63,
proc-ordered-action-strict,easy,1,stall,loss,29,2613,3000,0,3000,0,0,4.0,
proc-ordered-action-strict,easy,2,stall,loss,29,2613,3000,0,3000,0,0,4.0,
proc-ordered-action-strict,easy,3,stall,loss,29,2613,3000,0,3000,0,0,4.0,
proc-ordered-action-strict,easy,4,stall,loss,29,2613,3000,0,3000,0,0,4.0,
proc-ordered-action-strict,medium,1,stall,loss,37,3333,3000,0,3000,0,0,4.0,
proc-ordered-action-strict,medium,2,stall,loss,37,3333,3000,0,3000,0,0,4.0,
proc-ordered-action-strict,medium,3,stall,loss,37,3333,3000,0,3000,0,0,4.0,
proc-ordered-action-strict,medium,4,stall,loss,37,3333,3000,0,3000,0,0,4.0,
proc-ordered-action-strict,hard,1,stall,loss,47,4233,4000,0,4000,0,0,4.0,
proc-ordered-action-strict,hard,2,stall,loss,47,4233,4000,0,4000,0,0,4.0,
proc-ordered-action-strict,hard,3,stall,loss,47,4233,4000,0,4000,0,0,4.0,
proc-ordered-action-strict,hard,4,stall,loss,47,4233,4000,0,4000,0,0,4.0,
proc-strict-toolban-fidelity,easy,1,stall,loss,60,5403,0,0,0,0,0,3.32,
proc-strict-toolban-fidelity,easy,2,stall,loss,60,5403,0,0,0,0,0,3.32,
proc-strict-toolban-fidelity,easy,3,stall,loss,60,5403,0,0,0,0,0,3.32,
proc-strict-toolban-fidelity,easy,4,stall,loss,60,5403,0,0,0,0,0,3.32,
proc-strict-toolban-fidelity,medium,1,stall,loss,40,3603,0,0,0,0,0,3.32,
proc-strict-toolban-fidelity,medium,2,stall,loss,40,3603,0,0,0,0,0,3.32,
proc-strict-toolban-fidelity,medium,3,stall,loss,40,3603,0,0,0,0,0,3.32,
proc-strict-toolban-fidelity,medium,4,stall,loss,40,3603,0,0,0,0,0,3.32,
proc-strict-toolban-fidelity,hard,1,stall,loss,40,3603,0,0,0,0,0,4.77,
proc-strict-toolban-fidelity,hard,2,stall,loss,40,3603,0,0,0,0,0,4.62,
proc-strict-toolban-fidelity,hard,3,stall,loss,40,3603,0,0,0,0,0,4.77,
proc-strict-toolban-fidelity,hard,4,stall,loss,40,3603,0,0,0,0,0,4.62,
proc-tool-use-multi-distractor,easy,1,stall,loss,23,2073,2000,0,2000,0,0,4.8,
proc-tool-use-multi-distractor,easy,2,stall,loss,23,2073,2000,0,2000,0,0,4.8,
proc-tool-use-multi-distractor,easy,3,stall,loss,23,2073,2000,0,2000,0,0,4.8,
proc-tool-use-multi-distractor,easy,4,stall,loss,23,2073,2000,0,2000,0,0,4.8,
proc-tool-use-multi-distractor,medium,1,stall,loss,17,1533,3000,0,3000,0,0,4.8,
proc-tool-use-multi-distractor,medium,2,stall,loss,17,1533,3000,0,3000,0,0,4.8,
proc-tool-use-multi-distractor,medium,3,stall,loss,17,1533,3000,0,3000,0,0,4.8,
proc-tool-use-multi-distractor,medium,4,stall,loss,17,1533,3000,0,3000,0,0,4.8,
proc-tool-use-multi-distractor,hard,1,stall,loss,17,1533,3000,0,3000,0,0,5.87,
proc-tool-use-multi-distractor,hard,2,stall,loss,17,1533,3000,0,3000,0,0,5.11,
proc-tool-use-multi-distractor,hard,3,stall,loss,17,1533,3000,0,3000,0,0,5.87,
proc-tool-use-multi-distractor,hard,4,stall,loss,17,1533,3000,0,3000,0,0,5.11,
proc-tool-use-with-distractor,easy,1,stall,loss,50,4503,1200,0,1200,0,0,3.23,
proc-tool-use-with-distractor,easy,2,stall,loss,50,4503,1200,0,1200,0,0,3.23,
proc-tool-use-with-distractor,easy,3,stall,loss,50,4503,1200,0,1200,0,0,3.23,
proc-tool-use-with-distractor,easy,4,stall,loss,50,4503,1200,0,1200,0,0,3.23,
proc-tool-use-with-distractor,medium,1,stall,loss,50,4503,1200,0,1200,0,0,3.23,
proc-tool-use-with-distractor,medium,2,stall,loss,50,4503,1200,0,1200,0,0,3.23,
proc-tool-use-with-distractor,medium,3,stall,loss,50,4503,1200,0,1200,0,0,3.23,
proc-tool-use-with-distractor,medium,4,stall,loss,50,4503,1200,0,1200,0,0,3.23,
proc-tool-use-with-distractor,hard,1,stall,loss,50,4503,1200,0,1200,0,0,3.23,
proc-tool-use-with-distractor,hard,2,stall,loss,50,4503,1200,0,1200,0,0,3.08,
proc-tool-use-with-distractor,hard,3,stall,loss,50,4503,1200,0,1200,0,0,3.23,
proc-tool-use-with-distractor,hard,4,stall,loss,50,4503,1200,0,1200,0,0,3.08,
reasoning-frontier-commit,easy,1,stall,loss,11,993,0,0,0,2,0,31.03,
reasoning-frontier-commit,easy,2,stall,loss,11,993,0,0,0,2,0,31.03,
reasoning-frontier-commit,easy,3,stall,loss,11,993,0,0,0,2,0,31.03,
reasoning-frontier-commit,easy,4,stall,loss,11,993,0,0,0,2,0,31.03,
reasoning-frontier-commit,medium,1,stall,loss,10,903,0,0,0,4,0,31.87,
reasoning-frontier-commit,medium,2,stall,loss,10,903,0,0,0,4,0,31.87,
reasoning-frontier-commit,medium,3,stall,loss,10,903,0,0,0,4,0,31.87,
reasoning-frontier-commit,medium,4,stall,loss,10,903,0,0,0,4,0,31.87,
reasoning-frontier-commit,hard,1,stall,loss,12,1083,0,0,0,5,0,37.98,
reasoning-frontier-commit,hard,2,stall,loss,12,1083,0,0,0,5,0,37.72,
reasoning-frontier-commit,hard,3,stall,loss,12,1083,0,0,0,5,0,37.98,
reasoning-frontier-commit,hard,4,stall,loss,12,1083,0,0,0,5,0,37.72,
reasoning-risk-route,easy,1,stall,loss,5,453,0,0,0,0,1,15.87,
reasoning-risk-route,easy,2,stall,loss,5,453,0,0,0,0,1,15.87,
reasoning-risk-route,easy,3,stall,loss,5,453,0,0,0,0,1,15.87,
reasoning-risk-route,easy,4,stall,loss,5,453,0,0,0,0,1,15.87,
reasoning-risk-route,medium,1,stall,loss,5,453,0,0,0,0,1,15.87,
reasoning-risk-route,medium,2,stall,loss,5,453,0,0,0,0,1,15.87,
reasoning-risk-route,medium,3,stall,loss,5,453,0,0,0,0,1,15.87,
reasoning-risk-route,medium,4,stall,loss,5,453,0,0,0,0,1,15.87,
reasoning-risk-route,hard,1,stall,loss,5,453,0,0,0,0,1,15.87,
reasoning-risk-route,hard,2,stall,loss,5,453,0,0,0,0,1,15.87,
reasoning-risk-route,hard,3,stall,loss,5,453,0,0,0,0,1,15.87,
reasoning-risk-route,hard,4,stall,loss,5,453,0,0,0,0,1,15.87,
risk-blockade-bypass,easy,1,stall,loss,7,483,0,0,0,3,5,27.16,
risk-blockade-bypass,easy,2,stall,loss,7,483,0,0,0,3,5,27.16,
risk-blockade-bypass,easy,3,stall,loss,7,483,0,0,0,3,5,27.16,
risk-blockade-bypass,easy,4,stall,loss,7,483,0,0,0,3,5,27.16,
risk-blockade-bypass,medium,1,stall,loss,6,393,0,0,0,2,3,27.16,
risk-blockade-bypass,medium,2,stall,loss,6,393,0,0,0,2,3,27.16,
risk-blockade-bypass,medium,3,stall,loss,6,393,0,0,0,2,3,27.16,
risk-blockade-bypass,medium,4,stall,loss,6,393,0,0,0,2,3,27.16,
risk-blockade-bypass,hard,1,stall,loss,6,423,0,0,0,7,2,30.33,
risk-blockade-bypass,hard,2,stall,loss,6,423,0,0,0,7,2,30.33,
risk-blockade-bypass,hard,3,stall,loss,6,423,0,0,0,7,2,30.33,
risk-blockade-bypass,hard,4,stall,loss,6,423,0,0,0,7,2,30.33,
rob-cash-depletion-recovery,easy,1,stall,win,11,993,2900,0,2900,1,0,6.68,
rob-cash-depletion-recovery,easy,2,stall,win,11,993,2900,0,2900,1,0,6.68,
rob-cash-depletion-recovery,easy,3,stall,win,11,993,2900,0,2900,1,0,6.68,
rob-cash-depletion-recovery,easy,4,stall,win,11,993,2900,0,2900,1,0,6.68,
rob-cash-depletion-recovery,medium,1,stall,loss,70,6303,1400,0,1400,2,1,6.68,
rob-cash-depletion-recovery,medium,2,stall,loss,70,6303,1400,0,1400,2,1,6.68,
rob-cash-depletion-recovery,medium,3,stall,loss,70,6303,1400,0,1400,2,1,6.68,
rob-cash-depletion-recovery,medium,4,stall,loss,70,6303,1400,0,1400,2,1,6.68,
rob-cash-depletion-recovery,hard,1,stall,loss,70,6303,1400,0,1400,4,2,7.34,
rob-cash-depletion-recovery,hard,2,stall,loss,70,6303,1400,0,1400,4,2,7.34,
rob-cash-depletion-recovery,hard,3,stall,loss,70,6303,1400,0,1400,4,2,7.34,
rob-cash-depletion-recovery,hard,4,stall,loss,70,6303,1400,0,1400,4,2,7.34,
rob-deadline-shortened-midway,easy,1,stall,loss,23,2001,1000,0,1000,0,0,4.79,
rob-deadline-shortened-midway,easy,2,stall,loss,23,2001,1000,0,1000,0,0,4.79,
rob-deadline-shortened-midway,easy,3,stall,loss,23,2001,1000,0,1000,0,0,4.79,
rob-deadline-shortened-midway,easy,4,stall,loss,23,2001,1000,0,1000,0,0,4.79,
rob-deadline-shortened-midway,medium,1,stall,loss,23,2001,1000,0,1000,0,0,4.79,
rob-deadline-shortened-midway,medium,2,stall,loss,23,2001,1000,0,1000,0,0,4.79,
rob-deadline-shortened-midway,medium,3,stall,loss,23,2001,1000,0,1000,0,0,4.79,
rob-deadline-shortened-midway,medium,4,stall,loss,23,2001,1000,0,1000,0,0,4.79,
rob-deadline-shortened-midway,hard,1,stall,loss,23,2052,1000,0,1000,0,0,4.79,
rob-deadline-shortened-midway,hard,2,stall,loss,23,2052,1000,0,1000,0,0,4.79,
rob-deadline-shortened-midway,hard,3,stall,loss,23,2052,1000,0,1000,0,0,4.79,
rob-deadline-shortened-midway,hard,4,stall,loss,23,2052,1000,0,1000,0,0,4.79,
rob-multiple-simultaneous-pressures,easy,1,stall,loss,30,2703,6000,0,6000,5,6,13.64,
rob-multiple-simultaneous-pressures,easy,2,stall,loss,30,2703,6000,0,6000,5,6,13.64,
rob-multiple-simultaneous-pressures,easy,3,stall,loss,30,2703,6000,0,6000,5,6,13.64,
rob-multiple-simultaneous-pressures,easy,4,stall,loss,30,2703,6000,0,6000,5,6,13.64,
rob-multiple-simultaneous-pressures,medium,1,stall,loss,18,1623,5000,0,5000,5,6,13.06,
rob-multiple-simultaneous-pressures,medium,2,stall,loss,18,1623,5000,0,5000,5,6,13.06,
rob-multiple-simultaneous-pressures,medium,3,stall,loss,18,1623,5000,0,5000,5,6,13.06,
rob-multiple-simultaneous-pressures,medium,4,stall,loss,18,1623,5000,0,5000,5,6,13.06,
rob-multiple-simultaneous-pressures,hard,1,stall,loss,23,2073,5500,0,5500,4,6,12.32,
rob-multiple-simultaneous-pressures,hard,2,stall,loss,21,1893,5000,0,5000,4,6,12.63,
rob-multiple-simultaneous-pressures,hard,3,stall,loss,23,2073,5500,0,5500,4,6,12.32,
rob-multiple-simultaneous-pressures,hard,4,stall,loss,21,1893,5000,0,5000,4,6,12.63,
rob-objective-change-midway,easy,1,stall,loss,60,5403,500,0,500,0,0,3.19,
rob-objective-change-midway,easy,2,stall,loss,60,5403,500,0,500,0,0,3.19,
rob-objective-change-midway,easy,3,stall,loss,60,5403,500,0,500,0,0,3.19,
rob-objective-change-midway,easy,4,stall,loss,60,5403,500,0,500,0,0,3.19,
rob-objective-change-midway,medium,1,stall,loss,60,5403,500,0,500,0,0,3.19,
rob-objective-change-midway,medium,2,stall,loss,60,5403,500,0,500,0,0,3.19,
rob-objective-change-midway,medium,3,stall,loss,60,5403,500,0,500,0,0,3.19,
rob-objective-change-midway,medium,4,stall,loss,60,5403,500,0,500,0,0,3.19,
rob-objective-change-midway,hard,1,stall,loss,60,5403,500,0,500,0,0,3.19,
rob-objective-change-midway,hard,2,stall,loss,60,5403,500,0,500,0,0,3.19,
rob-objective-change-midway,hard,3,stall,loss,60,5403,500,0,500,0,0,3.19,
rob-objective-change-midway,hard,4,stall,loss,60,5403,500,0,500,0,0,3.19,
rob-objective-shift-with-or-clause,easy,1,stall,loss,60,5403,500,0,500,0,0,3.47,
rob-objective-shift-with-or-clause,easy,2,stall,loss,60,5403,500,0,500,0,0,3.47,
rob-objective-shift-with-or-clause,easy,3,stall,loss,60,5403,500,0,500,0,0,3.47,
rob-objective-shift-with-or-clause,easy,4,stall,loss,60,5403,500,0,500,0,0,3.47,
rob-objective-shift-with-or-clause,medium,1,stall,loss,60,5403,500,0,500,0,0,3.47,
rob-objective-shift-with-or-clause,medium,2,stall,loss,60,5403,500,0,500,0,0,3.47,
rob-objective-shift-with-or-clause,medium,3,stall,loss,60,5403,500,0,500,0,0,3.47,
rob-objective-shift-with-or-clause,medium,4,stall,loss,60,5403,500,0,500,0,0,3.47,
rob-objective-shift-with-or-clause,hard,1,stall,loss,60,5403,500,0,500,0,0,3.47,
rob-objective-shift-with-or-clause,hard,2,stall,loss,60,5403,500,0,500,0,0,3.47,
rob-objective-shift-with-or-clause,hard,3,stall,loss,60,5403,500,0,500,0,0,3.47,
rob-objective-shift-with-or-clause,hard,4,stall,loss,60,5403,500,0,500,0,0,3.47,
rob-partial-base-loss-continue,easy,1,stall,loss,60,5403,23000,0,23000,2,0,11.85,
rob-partial-base-loss-continue,easy,2,stall,loss,60,5403,23000,0,23000,2,0,11.85,
rob-partial-base-loss-continue,easy,3,stall,loss,60,5403,23000,0,23000,2,0,11.85,
rob-partial-base-loss-continue,easy,4,stall,loss,60,5403,23000,0,23000,2,0,11.85,
rob-partial-base-loss-continue,medium,1,stall,loss,60,5403,20500,0,20500,3,0,12.12,
rob-partial-base-loss-continue,medium,2,stall,loss,60,5403,20500,0,20500,3,0,12.12,
rob-partial-base-loss-continue,medium,3,stall,loss,60,5403,20500,0,20500,3,0,12.12,
rob-partial-base-loss-continue,medium,4,stall,loss,60,5403,20500,0,20500,3,0,12.12,
rob-partial-base-loss-continue,hard,1,stall,loss,60,5403,12500,0,12500,3,1,12.07,
rob-partial-base-loss-continue,hard,2,stall,loss,60,5403,20500,0,20500,3,0,12.48,
rob-partial-base-loss-continue,hard,3,stall,loss,60,5403,12500,0,12500,3,1,12.07,
rob-partial-base-loss-continue,hard,4,stall,loss,60,5403,20500,0,20500,3,0,12.48,
rob-unexpected-enemy-spawn,easy,1,stall,loss,58,4308,0,0,0,0,5,5.53,
rob-unexpected-enemy-spawn,easy,2,stall,loss,58,4308,0,0,0,0,5,5.53,
rob-unexpected-enemy-spawn,easy,3,stall,loss,58,4308,0,0,0,0,5,5.53,
rob-unexpected-enemy-spawn,easy,4,stall,loss,58,4308,0,0,0,0,5,5.53,
rob-unexpected-enemy-spawn,medium,1,stall,loss,56,4128,0,0,0,0,5,5.6,
rob-unexpected-enemy-spawn,medium,2,stall,loss,56,4128,0,0,0,0,5,5.6,
rob-unexpected-enemy-spawn,medium,3,stall,loss,56,4128,0,0,0,0,5,5.6,
rob-unexpected-enemy-spawn,medium,4,stall,loss,56,4128,0,0,0,0,5,5.6,
rob-unexpected-enemy-spawn,hard,1,stall,loss,67,4743,0,0,0,1,7,6.27,
rob-unexpected-enemy-spawn,hard,2,stall,loss,57,4278,0,0,0,0,7,6.38,
rob-unexpected-enemy-spawn,hard,3,stall,loss,67,4743,0,0,0,1,7,6.27,
rob-unexpected-enemy-spawn,hard,4,stall,loss,57,4278,0,0,0,0,7,6.38,
rob-unit-loss-recovery,easy,1,stall,loss,60,5403,1500,0,1500,2,2,6.83,
rob-unit-loss-recovery,easy,2,stall,loss,60,5403,1500,0,1500,2,2,6.83,
rob-unit-loss-recovery,easy,3,stall,loss,60,5403,1500,0,1500,2,2,6.83,
rob-unit-loss-recovery,easy,4,stall,loss,60,5403,1500,0,1500,2,2,6.83,
rob-unit-loss-recovery,medium,1,stall,loss,6,543,1500,0,1500,1,4,7.26,
rob-unit-loss-recovery,medium,2,stall,loss,6,543,1500,0,1500,1,4,7.26,
rob-unit-loss-recovery,medium,3,stall,loss,6,543,1500,0,1500,1,4,7.26,
rob-unit-loss-recovery,medium,4,stall,loss,6,543,1500,0,1500,1,4,7.26,
rob-unit-loss-recovery,hard,1,stall,loss,60,5403,3450,0,3450,1,4,8.36,
rob-unit-loss-recovery,hard,2,stall,loss,60,5403,3450,0,3450,1,4,7.8,
rob-unit-loss-recovery,hard,3,stall,loss,60,5403,3450,0,3450,1,4,8.36,
rob-unit-loss-recovery,hard,4,stall,loss,60,5403,3450,0,3450,1,4,7.8,
rush-hour,easy,1,stall,loss,40,3603,0,0,0,0,0,3.27,
rush-hour,easy,2,stall,loss,40,3603,0,0,0,0,0,3.17,
rush-hour,easy,3,stall,loss,40,3603,0,0,0,0,0,3.6,
rush-hour,easy,4,stall,loss,40,3603,0,0,0,0,0,2.79,
rush-hour,medium,1,stall,loss,40,3603,0,0,0,0,0,3.27,
rush-hour,medium,2,stall,loss,40,3603,0,0,0,0,0,3.17,
rush-hour,medium,3,stall,loss,40,3603,0,0,0,0,0,3.6,
rush-hour,medium,4,stall,loss,40,3603,0,0,0,0,0,2.79,
rush-hour,hard,1,stall,loss,40,3603,0,0,0,0,0,3.27,
rush-hour,hard,2,stall,loss,40,3603,0,0,0,0,0,3.17,
rush-hour,hard,3,stall,loss,40,3603,0,0,0,0,0,3.6,
rush-hour,hard,4,stall,loss,40,3603,0,0,0,0,0,2.79,
scout-and-report,easy,1,stall,loss,50,4503,0,0,0,0,0,6.14,
scout-and-report,easy,2,stall,loss,50,4503,0,0,0,0,0,6.14,
scout-and-report,easy,3,stall,loss,50,4503,0,0,0,0,0,6.14,
scout-and-report,easy,4,stall,loss,50,4503,0,0,0,0,0,6.14,
scout-and-report,medium,1,stall,loss,50,4503,0,0,0,0,0,6.14,
scout-and-report,medium,2,stall,loss,50,4503,0,0,0,0,0,6.14,
scout-and-report,medium,3,stall,loss,50,4503,0,0,0,0,0,6.14,
scout-and-report,medium,4,stall,loss,50,4503,0,0,0,0,0,6.14,
scout-and-report,hard,1,stall,loss,50,4503,0,0,0,0,0,5.85,
scout-and-report,hard,2,stall,loss,50,4503,0,0,0,0,0,5.85,
scout-and-report,hard,3,stall,loss,50,4503,0,0,0,0,0,5.85,
scout-and-report,hard,4,stall,loss,50,4503,0,0,0,0,0,5.85,
scout-and-survive,easy,1,stall,loss,50,4503,0,0,0,2,0,38.28,
scout-and-survive,easy,2,stall,loss,50,4503,0,0,0,2,0,38.28,
scout-and-survive,easy,3,stall,loss,50,4503,0,0,0,2,0,38.28,
scout-and-survive,easy,4,stall,loss,50,4503,0,0,0,2,0,38.28,
scout-and-survive,medium,1,stall,loss,50,4503,0,0,0,4,0,38.78,
scout-and-survive,medium,2,stall,loss,50,4503,0,0,0,4,0,38.78,
scout-and-survive,medium,3,stall,loss,50,4503,0,0,0,4,0,38.78,
scout-and-survive,medium,4,stall,loss,50,4503,0,0,0,4,0,38.78,
scout-and-survive,hard,1,stall,loss,50,4503,0,0,0,6,0,38.24,
scout-and-survive,hard,2,stall,loss,50,4503,0,0,0,6,0,38.62,
scout-and-survive,hard,3,stall,loss,50,4503,0,0,0,6,0,38.24,
scout-and-survive,hard,4,stall,loss,50,4503,0,0,0,6,0,38.62,
scout-count-defenders,easy,1,stall,loss,29,2613,5100,0,5100,0,0,10.6,
scout-count-defenders,easy,2,stall,loss,29,2613,5100,0,5100,0,0,10.6,
scout-count-defenders,easy,3,stall,loss,29,2613,5100,0,5100,0,0,10.6,
scout-count-defenders,easy,4,stall,loss,29,2613,5100,0,5100,0,0,10.6,
scout-count-defenders,medium,1,stall,loss,34,3063,5100,0,5100,0,0,10.6,
scout-count-defenders,medium,2,stall,loss,34,3063,5100,0,5100,0,0,10.6,
scout-count-defenders,medium,3,stall,loss,34,3063,5100,0,5100,0,0,10.6,
scout-count-defenders,medium,4,stall,loss,34,3063,5100,0,5100,0,0,10.6,
scout-count-defenders,hard,1,stall,loss,43,3873,5100,0,5100,0,0,10.6,
scout-count-defenders,hard,2,stall,loss,43,3873,5100,0,5100,0,0,10.6,
scout-count-defenders,hard,3,stall,loss,43,3873,5100,0,5100,0,0,10.6,
scout-count-defenders,hard,4,stall,loss,43,3873,5100,0,5100,0,0,10.6,
scout-cycle-keep-info-fresh,easy,1,stall,loss,45,4053,1000,0,1000,0,0,9.86,
scout-cycle-keep-info-fresh,easy,2,stall,loss,45,4053,1000,0,1000,0,0,9.86,
scout-cycle-keep-info-fresh,easy,3,stall,loss,45,4053,1000,0,1000,0,0,9.86,
scout-cycle-keep-info-fresh,easy,4,stall,loss,45,4053,1000,0,1000,0,0,9.86,
scout-cycle-keep-info-fresh,medium,1,stall,loss,45,4053,1000,0,1000,0,0,9.86,
scout-cycle-keep-info-fresh,medium,2,stall,loss,45,4053,1000,0,1000,0,0,9.86,
scout-cycle-keep-info-fresh,medium,3,stall,loss,45,4053,1000,0,1000,0,0,9.86,
scout-cycle-keep-info-fresh,medium,4,stall,loss,45,4053,1000,0,1000,0,0,9.86,
scout-cycle-keep-info-fresh,hard,1,stall,loss,45,4053,1000,0,1000,0,0,9.86,
scout-cycle-keep-info-fresh,hard,2,stall,loss,45,4053,1000,0,1000,0,0,9.86,
scout-cycle-keep-info-fresh,hard,3,stall,loss,45,4053,1000,0,1000,0,0,9.86,
scout-cycle-keep-info-fresh,hard,4,stall,loss,45,4053,1000,0,1000,0,0,9.86,
scout-deny-enemy-vision,easy,1,stall,loss,13,1173,0,0,0,0,0,2.88,
scout-deny-enemy-vision,easy,2,stall,loss,13,1173,0,0,0,0,0,2.88,
scout-deny-enemy-vision,easy,3,stall,loss,13,1173,0,0,0,0,0,2.88,
scout-deny-enemy-vision,easy,4,stall,loss,13,1173,0,0,0,0,0,2.88,
scout-deny-enemy-vision,medium,1,stall,loss,15,1353,0,0,0,0,0,5.77,
scout-deny-enemy-vision,medium,2,stall,loss,15,1353,0,0,0,0,0,5.77,
scout-deny-enemy-vision,medium,3,stall,loss,15,1353,0,0,0,0,0,5.77,
scout-deny-enemy-vision,medium,4,stall,loss,15,1353,0,0,0,0,0,5.77,
scout-deny-enemy-vision,hard,1,stall,loss,13,1173,0,0,0,0,0,4.23,
scout-deny-enemy-vision,hard,2,stall,loss,13,1173,0,0,0,0,0,4.23,
scout-deny-enemy-vision,hard,3,stall,loss,13,1173,0,0,0,0,0,4.23,
scout-deny-enemy-vision,hard,4,stall,loss,13,1173,0,0,0,0,0,4.23,
scout-detect-base-direction,easy,1,stall,loss,29,2538,0,0,0,0,0,17.29,
scout-detect-base-direction,easy,2,stall,loss,29,2538,0,0,0,0,0,17.29,
scout-detect-base-direction,easy,3,stall,loss,29,2538,0,0,0,0,0,17.29,
scout-detect-base-direction,easy,4,stall,loss,29,2538,0,0,0,0,0,17.29,
scout-detect-base-direction,medium,1,stall,loss,28,2523,0,0,0,0,0,8.81,
scout-detect-base-direction,medium,2,stall,loss,28,2523,0,0,0,0,0,8.81,
scout-detect-base-direction,medium,3,stall,loss,28,2523,0,0,0,0,0,8.81,
scout-detect-base-direction,medium,4,stall,loss,28,2523,0,0,0,0,0,8.81,
scout-detect-base-direction,hard,1,stall,loss,30,2703,0,0,0,0,0,7.35,
scout-detect-base-direction,hard,2,stall,loss,30,2703,0,0,0,0,0,7.75,
scout-detect-base-direction,hard,3,stall,loss,30,2703,0,0,0,0,0,7.35,
scout-detect-base-direction,hard,4,stall,loss,30,2703,0,0,0,0,0,7.75,
scout-detect-enemy-tech,easy,1,stall,loss,25,2253,0,0,0,0,0,5.12,
scout-detect-enemy-tech,easy,2,stall,loss,25,2253,0,0,0,0,0,5.12,
scout-detect-enemy-tech,easy,3,stall,loss,25,2253,0,0,0,0,0,5.12,
scout-detect-enemy-tech,easy,4,stall,loss,25,2253,0,0,0,0,0,5.12,
scout-detect-enemy-tech,medium,1,stall,loss,40,3603,0,0,0,0,0,5.12,
scout-detect-enemy-tech,medium,2,stall,loss,40,3603,0,0,0,0,0,5.12,
scout-detect-enemy-tech,medium,3,stall,loss,40,3603,0,0,0,0,0,5.12,
scout-detect-enemy-tech,medium,4,stall,loss,40,3603,0,0,0,0,0,5.12,
scout-detect-enemy-tech,hard,1,stall,loss,40,3603,0,0,0,0,0,5.12,
scout-detect-enemy-tech,hard,2,stall,loss,40,3603,0,0,0,0,0,4.2,
scout-detect-enemy-tech,hard,3,stall,loss,40,3603,0,0,0,0,0,5.12,
scout-detect-enemy-tech,hard,4,stall,loss,40,3603,0,0,0,0,0,4.2,
scout-detect-incoming-army,easy,1,stall,loss,36,2538,0,0,0,0,1,4.88,
scout-detect-incoming-army,easy,2,stall,loss,36,2538,0,0,0,0,1,4.88,
scout-detect-incoming-army,easy,3,stall,loss,36,2538,0,0,0,0,1,4.88,
scout-detect-incoming-army,easy,4,stall,loss,36,2538,0,0,0,0,1,4.88,
scout-detect-incoming-army,medium,1,stall,loss,31,2448,0,0,0,0,3,5.09,
scout-detect-incoming-army,medium,2,stall,loss,31,2448,0,0,0,0,3,5.09,
scout-detect-incoming-army,medium,3,stall,loss,31,2448,0,0,0,0,3,5.09,
scout-detect-incoming-army,medium,4,stall,loss,31,2448,0,0,0,0,3,5.09,
scout-detect-incoming-army,hard,1,stall,loss,31,2268,0,0,0,0,3,5.13,
scout-detect-incoming-army,hard,2,stall,loss,29,2268,0,0,0,0,3,5.13,
scout-detect-incoming-army,hard,3,stall,loss,31,2268,0,0,0,0,3,5.13,
scout-detect-incoming-army,hard,4,stall,loss,29,2268,0,0,0,0,3,5.13,
scout-discover-hidden-base,easy,1,stall,loss,8,723,0,0,0,0,0,7.78,
scout-discover-hidden-base,easy,2,stall,loss,8,723,0,0,0,0,0,7.78,
scout-discover-hidden-base,easy,3,stall,loss,8,723,0,0,0,0,0,7.78,
scout-discover-hidden-base,easy,4,stall,loss,8,723,0,0,0,0,0,7.78,
scout-discover-hidden-base,medium,1,stall,loss,7,633,0,0,0,0,0,7.78,
scout-discover-hidden-base,medium,2,stall,loss,7,633,0,0,0,0,0,7.78,
scout-discover-hidden-base,medium,3,stall,loss,7,633,0,0,0,0,0,7.78,
scout-discover-hidden-base,medium,4,stall,loss,7,633,0,0,0,0,0,7.78,
scout-discover-hidden-base,hard,1,stall,loss,6,543,0,0,0,0,0,7.78,
scout-discover-hidden-base,hard,2,stall,loss,6,543,0,0,0,0,0,7.78,
scout-discover-hidden-base,hard,3,stall,loss,6,543,0,0,0,0,0,7.78,
scout-discover-hidden-base,hard,4,stall,loss,6,543,0,0,0,0,0,7.78,
scout-far-frontier,easy,1,stall,loss,17,1533,0,0,0,0,0,15.2,
scout-far-frontier,easy,2,stall,loss,17,1533,0,0,0,0,0,15.2,
scout-far-frontier,easy,3,stall,loss,17,1533,0,0,0,0,0,15.2,
scout-far-frontier,easy,4,stall,loss,17,1533,0,0,0,0,0,15.2,
scout-far-frontier,medium,1,stall,loss,13,1173,0,0,0,0,0,15.2,
scout-far-frontier,medium,2,stall,loss,13,1173,0,0,0,0,0,15.2,
scout-far-frontier,medium,3,stall,loss,13,1173,0,0,0,0,0,15.2,
scout-far-frontier,medium,4,stall,loss,13,1173,0,0,0,0,0,15.2,
scout-far-frontier,hard,1,stall,loss,12,1083,0,0,0,0,0,15.43,
scout-far-frontier,hard,2,stall,loss,12,1083,0,0,0,0,0,12.76,
scout-far-frontier,hard,3,stall,loss,12,1083,0,0,0,0,0,15.43,
scout-far-frontier,hard,4,stall,loss,12,1083,0,0,0,0,0,12.76,
scout-jeep-vs-infantry-cost-effective,easy,1,stall,loss,20,1803,900,0,900,0,0,4.45,
scout-jeep-vs-infantry-cost-effective,easy,2,stall,loss,20,1803,900,0,900,0,0,4.45,
scout-jeep-vs-infantry-cost-effective,easy,3,stall,loss,20,1803,900,0,900,0,0,4.45,
scout-jeep-vs-infantry-cost-effective,easy,4,stall,loss,20,1803,900,0,900,0,0,4.45,
scout-jeep-vs-infantry-cost-effective,medium,1,stall,loss,14,1263,900,0,900,0,0,4.45,
scout-jeep-vs-infantry-cost-effective,medium,2,stall,loss,14,1263,900,0,900,0,0,4.45,
scout-jeep-vs-infantry-cost-effective,medium,3,stall,loss,14,1263,900,0,900,0,0,4.45,
scout-jeep-vs-infantry-cost-effective,medium,4,stall,loss,14,1263,900,0,900,0,0,4.45,
scout-jeep-vs-infantry-cost-effective,hard,1,stall,loss,14,1263,900,0,900,0,0,4.45,
scout-jeep-vs-infantry-cost-effective,hard,2,stall,loss,14,1263,900,0,900,0,0,4.45,
scout-jeep-vs-infantry-cost-effective,hard,3,stall,loss,14,1263,900,0,900,0,0,4.45,
scout-jeep-vs-infantry-cost-effective,hard,4,stall,loss,14,1263,900,0,900,0,0,4.45,
scout-map-reveal-percent-target,easy,1,stall,loss,6,543,0,0,0,0,0,17.37,
scout-map-reveal-percent-target,easy,2,stall,loss,6,543,0,0,0,0,0,17.37,
scout-map-reveal-percent-target,easy,3,stall,loss,6,543,0,0,0,0,0,17.37,
scout-map-reveal-percent-target,easy,4,stall,loss,6,543,0,0,0,0,0,17.37,
scout-map-reveal-percent-target,medium,1,stall,loss,10,903,0,0,0,0,0,17.37,
scout-map-reveal-percent-target,medium,2,stall,loss,10,903,0,0,0,0,0,17.37,
scout-map-reveal-percent-target,medium,3,stall,loss,10,903,0,0,0,0,0,17.37,
scout-map-reveal-percent-target,medium,4,stall,loss,10,903,0,0,0,0,0,17.37,
scout-map-reveal-percent-target,hard,1,stall,loss,15,1353,0,0,0,0,0,17.05,
scout-map-reveal-percent-target,hard,2,stall,loss,15,1353,0,0,0,0,0,23.13,
scout-map-reveal-percent-target,hard,3,stall,loss,15,1353,0,0,0,0,0,17.05,
scout-map-reveal-percent-target,hard,4,stall,loss,15,1353,0,0,0,0,0,23.13,
scout-multiple-fog-areas,easy,1,stall,loss,20,1803,0,0,0,0,0,55.03,
scout-multiple-fog-areas,easy,2,stall,loss,20,1803,0,0,0,0,0,55.03,
scout-multiple-fog-areas,easy,3,stall,loss,20,1803,0,0,0,0,0,55.03,
scout-multiple-fog-areas,easy,4,stall,loss,20,1803,0,0,0,0,0,55.03,
scout-multiple-fog-areas,medium,1,stall,loss,12,1083,0,0,0,0,0,55.03,
scout-multiple-fog-areas,medium,2,stall,loss,12,1083,0,0,0,0,0,55.03,
scout-multiple-fog-areas,medium,3,stall,loss,12,1083,0,0,0,0,0,55.03,
scout-multiple-fog-areas,medium,4,stall,loss,12,1083,0,0,0,0,0,55.03,
scout-multiple-fog-areas,hard,1,stall,loss,15,1353,0,0,0,0,0,20.85,
scout-multiple-fog-areas,hard,2,stall,loss,15,1353,0,0,0,0,0,18.65,
scout-multiple-fog-areas,hard,3,stall,loss,15,1353,0,0,0,0,0,20.85,
scout-multiple-fog-areas,hard,4,stall,loss,15,1353,0,0,0,0,0,18.65,
scout-track-enemy-movement,easy,1,stall,loss,45,4053,1000,0,1000,0,0,9.91,
scout-track-enemy-movement,easy,2,stall,loss,45,4053,1000,0,1000,0,0,9.91,
scout-track-enemy-movement,easy,3,stall,loss,45,4053,1000,0,1000,0,0,9.91,
scout-track-enemy-movement,easy,4,stall,loss,45,4053,1000,0,1000,0,0,9.91,
scout-track-enemy-movement,medium,1,stall,loss,45,4053,1000,0,1000,0,0,9.91,
scout-track-enemy-movement,medium,2,stall,loss,45,4053,1000,0,1000,0,0,9.91,
scout-track-enemy-movement,medium,3,stall,loss,45,4053,1000,0,1000,0,0,9.91,
scout-track-enemy-movement,medium,4,stall,loss,45,4053,1000,0,1000,0,0,9.91,
scout-track-enemy-movement,hard,1,stall,loss,45,4053,1000,0,1000,0,0,9.91,
scout-track-enemy-movement,hard,2,stall,loss,45,4053,1000,0,1000,0,0,9.91,
scout-track-enemy-movement,hard,3,stall,loss,45,4053,1000,0,1000,0,0,9.91,
scout-track-enemy-movement,hard,4,stall,loss,45,4053,1000,0,1000,0,0,9.91,
spec-engineer-capture,easy,1,stall,loss,23,2073,0,0,0,0,0,2.01,
spec-engineer-capture,easy,2,stall,loss,23,2073,0,0,0,0,0,2.01,
spec-engineer-capture,easy,3,stall,loss,23,2073,0,0,0,0,0,2.01,
spec-engineer-capture,easy,4,stall,loss,23,2073,0,0,0,0,0,2.01,
spec-engineer-capture,medium,1,stall,loss,34,3063,0,0,0,0,0,1.26,
spec-engineer-capture,medium,2,stall,loss,34,3063,0,0,0,0,0,1.26,
spec-engineer-capture,medium,3,stall,loss,34,3063,0,0,0,0,0,1.26,
spec-engineer-capture,medium,4,stall,loss,34,3063,0,0,0,0,0,1.26,
spec-engineer-capture,hard,1,stall,loss,45,4053,0,0,0,0,0,1.07,
spec-engineer-capture,hard,2,stall,loss,45,4053,0,0,0,0,0,1.07,
spec-engineer-capture,hard,3,stall,loss,45,4053,0,0,0,0,0,1.07,
spec-engineer-capture,hard,4,stall,loss,45,4053,0,0,0,0,0,1.07,
spec-nuke-strike,easy,1,stall,loss,20,1803,0,0,0,0,0,3.31,
spec-nuke-strike,easy,2,stall,loss,20,1803,0,0,0,0,0,3.31,
spec-nuke-strike,easy,3,stall,loss,20,1803,0,0,0,0,0,3.31,
spec-nuke-strike,easy,4,stall,loss,20,1803,0,0,0,0,0,3.31,
spec-nuke-strike,medium,1,stall,loss,20,1803,0,0,0,0,0,3.3,
spec-nuke-strike,medium,2,stall,loss,20,1803,0,0,0,0,0,3.3,
spec-nuke-strike,medium,3,stall,loss,20,1803,0,0,0,0,0,3.3,
spec-nuke-strike,medium,4,stall,loss,20,1803,0,0,0,0,0,3.3,
spec-nuke-strike,hard,1,stall,loss,20,1803,0,0,0,0,0,3.31,
spec-nuke-strike,hard,2,stall,loss,20,1803,0,0,0,0,0,3.31,
spec-nuke-strike,hard,3,stall,loss,20,1803,0,0,0,0,0,3.31,
spec-nuke-strike,hard,4,stall,loss,20,1803,0,0,0,0,0,3.31,
spec-spy-infiltrate,easy,1,stall,loss,23,2073,0,0,0,0,0,2.08,
spec-spy-infiltrate,easy,2,stall,loss,23,2073,0,0,0,0,0,2.08,
spec-spy-infiltrate,easy,3,stall,loss,23,2073,0,0,0,0,0,2.08,
spec-spy-infiltrate,easy,4,stall,loss,23,2073,0,0,0,0,0,2.08,
spec-spy-infiltrate,medium,1,stall,loss,34,3063,0,0,0,0,0,2.08,
spec-spy-infiltrate,medium,2,stall,loss,34,3063,0,0,0,0,0,2.08,
spec-spy-infiltrate,medium,3,stall,loss,34,3063,0,0,0,0,0,2.08,
spec-spy-infiltrate,medium,4,stall,loss,34,3063,0,0,0,0,0,2.08,
spec-spy-infiltrate,hard,1,stall,loss,45,4053,0,0,0,0,0,2.67,
spec-spy-infiltrate,hard,2,stall,loss,45,4053,0,0,0,0,0,2.67,
spec-spy-infiltrate,hard,3,stall,loss,45,4053,0,0,0,0,0,2.67,
spec-spy-infiltrate,hard,4,stall,loss,45,4053,0,0,0,0,0,2.67,
spec-tanya-c4-strike,easy,1,stall,win,1,93,0,0,0,1,0,5.31,
spec-tanya-c4-strike,easy,2,stall,win,1,93,0,0,0,1,0,5.31,
spec-tanya-c4-strike,easy,3,stall,win,1,93,0,0,0,1,0,5.31,
spec-tanya-c4-strike,easy,4,stall,win,1,93,0,0,0,1,0,5.31,
spec-tanya-c4-strike,medium,1,stall,draw,11,993,0,0,0,4,0,40.98,
spec-tanya-c4-strike,medium,2,stall,draw,11,993,0,0,0,4,0,40.98,
spec-tanya-c4-strike,medium,3,stall,draw,11,993,0,0,0,4,0,40.98,
spec-tanya-c4-strike,medium,4,stall,draw,11,993,0,0,0,4,0,40.98,
spec-tanya-c4-strike,hard,1,stall,win,3,273,0,0,0,3,0,13.39,
spec-tanya-c4-strike,hard,2,stall,win,3,273,0,0,0,3,0,13.39,
spec-tanya-c4-strike,hard,3,stall,win,3,273,0,0,0,3,0,13.39,
spec-tanya-c4-strike,hard,4,stall,win,3,273,0,0,0,3,0,13.39,
spec-thief-steal-cash,easy,1,stall,loss,15,1353,0,0,0,0,0,14.06,
spec-thief-steal-cash,easy,2,stall,loss,15,1353,0,0,0,0,0,14.06,
spec-thief-steal-cash,easy,3,stall,loss,15,1353,0,0,0,0,0,14.06,
spec-thief-steal-cash,easy,4,stall,loss,15,1353,0,0,0,0,0,14.06,
spec-thief-steal-cash,medium,1,stall,loss,20,1803,0,0,0,0,0,14.06,
spec-thief-steal-cash,medium,2,stall,loss,20,1803,0,0,0,0,0,14.06,
spec-thief-steal-cash,medium,3,stall,loss,20,1803,0,0,0,0,0,14.06,
spec-thief-steal-cash,medium,4,stall,loss,20,1803,0,0,0,0,0,14.06,
spec-thief-steal-cash,hard,1,stall,loss,3,273,0,0,0,0,2,17.53,
spec-thief-steal-cash,hard,2,stall,loss,3,273,0,0,0,0,2,17.53,
spec-thief-steal-cash,hard,3,stall,loss,3,273,0,0,0,0,2,17.53,
spec-thief-steal-cash,hard,4,stall,loss,3,273,0,0,0,0,2,17.53,
strategy-dilemma,easy,1,stall,loss,14,1263,0,0,0,5,12,25.67,
strategy-dilemma,easy,2,stall,loss,14,1263,0,0,0,5,12,25.67,
strategy-dilemma,easy,3,stall,loss,14,1263,0,0,0,5,12,25.67,
strategy-dilemma,easy,4,stall,loss,14,1263,0,0,0,5,12,25.67,
strategy-dilemma,medium,1,stall,loss,9,813,0,0,0,3,8,25.67,
strategy-dilemma,medium,2,stall,loss,9,813,0,0,0,3,8,25.67,
strategy-dilemma,medium,3,stall,loss,9,813,0,0,0,3,8,25.67,
strategy-dilemma,medium,4,stall,loss,9,813,0,0,0,3,8,25.67,
strategy-dilemma,hard,1,stall,loss,7,633,0,0,0,3,7,25.67,
strategy-dilemma,hard,2,stall,loss,7,633,0,0,0,3,7,25.67,
strategy-dilemma,hard,3,stall,loss,7,633,0,0,0,3,7,25.67,
strategy-dilemma,hard,4,stall,loss,7,633,0,0,0,3,7,25.67,
strategy-gauntlet,easy,1,stall,loss,89,8013,0,0,0,0,0,7.69,
strategy-gauntlet,easy,2,stall,loss,89,8013,0,0,0,0,0,7.69,
strategy-gauntlet,easy,3,stall,loss,89,8013,0,0,0,0,0,7.69,
strategy-gauntlet,easy,4,stall,loss,89,8013,0,0,0,0,0,7.69,
strategy-gauntlet,medium,1,stall,loss,89,8013,0,0,0,0,0,7.69,
strategy-gauntlet,medium,2,stall,loss,89,8013,0,0,0,0,0,7.69,
strategy-gauntlet,medium,3,stall,loss,89,8013,0,0,0,0,0,7.69,
strategy-gauntlet,medium,4,stall,loss,89,8013,0,0,0,0,0,7.69,
strategy-gauntlet,hard,1,stall,loss,50,4503,0,0,0,0,0,7.69,
strategy-gauntlet,hard,2,stall,loss,50,4503,0,0,0,0,0,7.69,
strategy-gauntlet,hard,3,stall,loss,50,4503,0,0,0,0,0,7.69,
strategy-gauntlet,hard,4,stall,loss,50,4503,0,0,0,0,0,7.69,
strategy-trilemma,easy,1,stall,loss,60,5403,3000,0,3000,0,0,6.14,
strategy-trilemma,easy,2,stall,loss,60,5403,3000,0,3000,0,0,6.14,
strategy-trilemma,easy,3,stall,loss,60,5403,3000,0,3000,0,0,6.14,
strategy-trilemma,easy,4,stall,loss,60,5403,3000,0,3000,0,0,6.14,
strategy-trilemma,medium,1,stall,loss,50,4503,2400,0,2400,0,0,6.14,
strategy-trilemma,medium,2,stall,loss,50,4503,2400,0,2400,0,0,6.14,
strategy-trilemma,medium,3,stall,loss,50,4503,2400,0,2400,0,0,6.14,
strategy-trilemma,medium,4,stall,loss,50,4503,2400,0,2400,0,0,6.14,
strategy-trilemma,hard,1,stall,loss,40,3603,2200,0,2200,0,1,6.71,
strategy-trilemma,hard,2,stall,loss,40,3603,2200,0,2200,1,1,6.36,
strategy-trilemma,hard,3,stall,loss,40,3603,2200,0,2200,0,1,6.71,
strategy-trilemma,hard,4,stall,loss,40,3603,2200,0,2200,1,1,6.36,
strategy-twobody,easy,1,stall,loss,95,8553,0,0,0,0,0,14.67,
strategy-twobody,easy,2,stall,loss,95,8553,0,0,0,0,0,14.67,
strategy-twobody,easy,3,stall,loss,95,8553,0,0,0,0,0,14.67,
strategy-twobody,easy,4,stall,loss,95,8553,0,0,0,0,0,14.67,
strategy-twobody,medium,1,stall,loss,73,6573,0,0,0,0,0,14.67,
strategy-twobody,medium,2,stall,loss,73,6573,0,0,0,0,0,14.67,
strategy-twobody,medium,3,stall,loss,73,6573,0,0,0,0,0,14.67,
strategy-twobody,medium,4,stall,loss,73,6573,0,0,0,0,0,14.67,
strategy-twobody,hard,1,stall,loss,56,5043,0,0,0,0,0,14.67,
strategy-twobody,hard,2,stall,loss,56,5043,0,0,0,0,0,14.67,
strategy-twobody,hard,3,stall,loss,56,5043,0,0,0,0,0,14.67,
strategy-twobody,hard,4,stall,loss,56,5043,0,0,0,0,0,14.67,
strict-production-bom,easy,1,stall,loss,30,2703,2200,0,2200,0,0,2.0,
strict-production-bom,easy,2,stall,loss,30,2703,2200,0,2200,0,0,2.0,
strict-production-bom,easy,3,stall,loss,30,2703,2200,0,2200,0,0,2.0,
strict-production-bom,easy,4,stall,loss,30,2703,2200,0,2200,0,0,2.0,
strict-production-bom,medium,1,stall,loss,34,3063,3000,0,3000,0,0,2.0,
strict-production-bom,medium,2,stall,loss,34,3063,3000,0,3000,0,0,2.0,
strict-production-bom,medium,3,stall,loss,34,3063,3000,0,3000,0,0,2.0,
strict-production-bom,medium,4,stall,loss,34,3063,3000,0,3000,0,0,2.0,
strict-production-bom,hard,1,stall,loss,70,6303,7200,0,7200,0,0,2.0,
strict-production-bom,hard,2,stall,loss,70,6303,7200,0,7200,0,0,2.0,
strict-production-bom,hard,3,stall,loss,70,6303,7200,0,7200,0,0,2.0,
strict-production-bom,hard,4,stall,loss,70,6303,7200,0,7200,0,0,2.0,
strict-sequence,easy,1,stall,loss,29,2613,0,0,0,0,0,13.0,
strict-sequence,easy,2,stall,loss,29,2613,0,0,0,0,0,13.0,
strict-sequence,easy,3,stall,loss,29,2613,0,0,0,0,0,13.0,
strict-sequence,easy,4,stall,loss,29,2613,0,0,0,0,0,13.0,
strict-sequence,medium,1,stall,loss,38,3423,0,0,0,0,0,13.0,
strict-sequence,medium,2,stall,loss,38,3423,0,0,0,0,0,13.0,
strict-sequence,medium,3,stall,loss,38,3423,0,0,0,0,0,13.0,
strict-sequence,medium,4,stall,loss,38,3423,0,0,0,0,0,13.0,
strict-sequence,hard,1,stall,loss,42,3783,0,0,0,0,0,13.1,
strict-sequence,hard,2,stall,loss,42,3783,0,0,0,0,0,13.0,
strict-sequence,hard,3,stall,loss,42,3783,0,0,0,0,0,13.1,
strict-sequence,hard,4,stall,loss,42,3783,0,0,0,0,0,13.0,
strict-toolban-fidelity-under-pressure,easy,1,stall,loss,50,4503,0,0,0,0,0,1.93,
strict-toolban-fidelity-under-pressure,easy,2,stall,loss,50,4503,0,0,0,0,0,1.93,
strict-toolban-fidelity-under-pressure,easy,3,stall,loss,50,4503,0,0,0,0,0,1.93,
strict-toolban-fidelity-under-pressure,easy,4,stall,loss,50,4503,0,0,0,0,0,1.93,
strict-toolban-fidelity-under-pressure,medium,1,stall,loss,50,4503,0,0,0,0,0,1.93,
strict-toolban-fidelity-under-pressure,medium,2,stall,loss,50,4503,0,0,0,0,0,1.93,
strict-toolban-fidelity-under-pressure,medium,3,stall,loss,50,4503,0,0,0,0,0,1.93,
strict-toolban-fidelity-under-pressure,medium,4,stall,loss,50,4503,0,0,0,0,0,1.93,
strict-toolban-fidelity-under-pressure,hard,1,stall,loss,50,4503,0,0,0,0,0,1.93,
strict-toolban-fidelity-under-pressure,hard,2,stall,loss,50,4503,0,0,0,0,0,1.93,
strict-toolban-fidelity-under-pressure,hard,3,stall,loss,50,4503,0,0,0,0,0,1.93,
strict-toolban-fidelity-under-pressure,hard,4,stall,loss,50,4503,0,0,0,0,0,1.93,
tech-aggro-all-in,easy,1,stall,loss,50,4503,5500,0,5500,0,0,7.78,
tech-aggro-all-in,easy,2,stall,loss,50,4503,5500,0,5500,0,0,7.78,
tech-aggro-all-in,easy,3,stall,loss,50,4503,5500,0,5500,0,0,7.78,
tech-aggro-all-in,easy,4,stall,loss,50,4503,5500,0,5500,0,0,7.78,
tech-aggro-all-in,medium,1,stall,loss,40,3603,4800,0,4800,0,0,7.78,
tech-aggro-all-in,medium,2,stall,loss,40,3603,4800,0,4800,0,0,7.78,
tech-aggro-all-in,medium,3,stall,loss,40,3603,4800,0,4800,0,0,7.78,
tech-aggro-all-in,medium,4,stall,loss,40,3603,4800,0,4800,0,0,7.78,
tech-aggro-all-in,hard,1,stall,loss,37,3333,4800,0,4800,0,0,24.95,
tech-aggro-all-in,hard,2,stall,loss,37,3333,4800,0,4800,0,0,24.91,
tech-aggro-all-in,hard,3,stall,loss,37,3333,4800,0,4800,0,0,24.95,
tech-aggro-all-in,hard,4,stall,loss,37,3333,4800,0,4800,0,0,24.91,
tech-balanced-econ-then-tech,easy,1,stall,loss,90,8103,2800,0,2800,0,0,3.41,
tech-balanced-econ-then-tech,easy,2,stall,loss,90,8103,2800,0,2800,0,0,3.41,
tech-balanced-econ-then-tech,easy,3,stall,loss,90,8103,2800,0,2800,0,0,3.41,
tech-balanced-econ-then-tech,easy,4,stall,loss,90,8103,2800,0,2800,0,0,3.41,
tech-balanced-econ-then-tech,medium,1,stall,loss,70,6303,2800,0,2800,0,0,3.41,
tech-balanced-econ-then-tech,medium,2,stall,loss,70,6303,2800,0,2800,0,0,3.41,
tech-balanced-econ-then-tech,medium,3,stall,loss,70,6303,2800,0,2800,0,0,3.41,
tech-balanced-econ-then-tech,medium,4,stall,loss,70,6303,2800,0,2800,0,0,3.41,
tech-balanced-econ-then-tech,hard,1,stall,loss,60,5403,2800,0,2800,0,0,3.41,
tech-balanced-econ-then-tech,hard,2,stall,loss,60,5403,2800,0,2800,0,0,3.41,
tech-balanced-econ-then-tech,hard,3,stall,loss,60,5403,2800,0,2800,0,0,3.41,
tech-balanced-econ-then-tech,hard,4,stall,loss,60,5403,2800,0,2800,0,0,3.41,
tech-production-planning,easy,1,stall,loss,60,5403,5000,0,5000,0,0,4.68,
tech-production-planning,easy,2,stall,loss,60,5403,5000,0,5000,0,0,4.68,
tech-production-planning,easy,3,stall,loss,60,5403,5000,0,5000,0,0,4.68,
tech-production-planning,easy,4,stall,loss,60,5403,5000,0,5000,0,0,4.68,
tech-production-planning,medium,1,stall,loss,80,7203,6500,0,6500,0,0,3.08,
tech-production-planning,medium,2,stall,loss,80,7203,6500,0,6500,0,0,3.08,
tech-production-planning,medium,3,stall,loss,80,7203,6500,0,6500,0,0,3.08,
tech-production-planning,medium,4,stall,loss,80,7203,6500,0,6500,0,0,3.08,
tech-production-planning,hard,1,stall,loss,90,8103,3000,0,3000,0,3,29.38,
tech-production-planning,hard,2,stall,loss,90,8103,3000,0,3000,0,3,29.38,
tech-production-planning,hard,3,stall,loss,90,8103,3000,0,3000,0,3,29.38,
tech-production-planning,hard,4,stall,loss,90,8103,3000,0,3000,0,3,29.38,
tech-turtle-defensive-tech,easy,1,stall,loss,80,7203,20000,0,20000,2,3,5.56,
tech-turtle-defensive-tech,easy,2,stall,loss,80,7203,20000,0,20000,2,3,5.56,
tech-turtle-defensive-tech,easy,3,stall,loss,80,7203,20000,0,20000,2,3,5.56,
tech-turtle-defensive-tech,easy,4,stall,loss,80,7203,20000,0,20000,2,3,5.56,
tech-turtle-defensive-tech,medium,1,stall,loss,80,7203,20000,0,20000,5,5,6.03,
tech-turtle-defensive-tech,medium,2,stall,loss,80,7203,20000,0,20000,5,5,6.03,
tech-turtle-defensive-tech,medium,3,stall,loss,80,7203,20000,0,20000,5,5,6.03,
tech-turtle-defensive-tech,medium,4,stall,loss,80,7203,20000,0,20000,5,5,6.03,
tech-turtle-defensive-tech,hard,1,stall,loss,19,1713,5760,240,6000,5,7,6.09,
tech-turtle-defensive-tech,hard,2,stall,loss,19,1713,5500,0,5500,3,8,6.41,
tech-turtle-defensive-tech,hard,3,stall,loss,19,1713,5760,240,6000,5,7,6.09,
tech-turtle-defensive-tech,hard,4,stall,loss,19,1713,5500,0,5500,3,8,6.41,
tempo-double-window,easy,1,stall,loss,50,4503,0,0,0,0,0,3.07,
tempo-double-window,easy,2,stall,loss,50,4503,0,0,0,0,0,3.07,
tempo-double-window,easy,3,stall,loss,50,4503,0,0,0,0,0,3.07,
tempo-double-window,easy,4,stall,loss,50,4503,0,0,0,0,0,3.07,
tempo-double-window,medium,1,stall,loss,50,4503,0,0,0,0,0,3.07,
tempo-double-window,medium,2,stall,loss,50,4503,0,0,0,0,0,3.07,
tempo-double-window,medium,3,stall,loss,50,4503,0,0,0,0,0,3.07,
tempo-double-window,medium,4,stall,loss,50,4503,0,0,0,0,0,3.07,
tempo-double-window,hard,1,stall,loss,50,4503,0,0,0,0,0,2.96,
tempo-double-window,hard,2,stall,loss,50,4503,0,0,0,0,0,3.07,
tempo-double-window,hard,3,stall,loss,50,4503,0,0,0,0,0,2.96,
tempo-double-window,hard,4,stall,loss,50,4503,0,0,0,0,0,3.07,
tempo-strike-window,easy,1,stall,loss,5,318,0,0,0,4,0,46.6,
tempo-strike-window,easy,2,stall,loss,5,318,0,0,0,4,0,46.6,
tempo-strike-window,easy,3,stall,loss,5,318,0,0,0,4,0,46.6,
tempo-strike-window,easy,4,stall,loss,5,318,0,0,0,4,0,46.6,
tempo-strike-window,medium,1,stall,loss,5,318,0,0,0,4,0,46.6,
tempo-strike-window,medium,2,stall,loss,5,318,0,0,0,4,0,46.6,
tempo-strike-window,medium,3,stall,loss,5,318,0,0,0,4,0,46.6,
tempo-strike-window,medium,4,stall,loss,5,318,0,0,0,4,0,46.6,
tempo-strike-window,hard,1,stall,loss,5,318,0,0,0,4,0,46.6,
tempo-strike-window,hard,2,stall,loss,5,318,0,0,0,4,0,46.6,
tempo-strike-window,hard,3,stall,loss,5,318,0,0,0,4,0,46.6,
tempo-strike-window,hard,4,stall,loss,5,318,0,0,0,4,0,46.6,
tp-decision-under-clock,easy,1,stall,loss,37,3333,0,0,0,1,2,77.13,
tp-decision-under-clock,easy,2,stall,loss,37,3333,0,0,0,1,2,77.13,
tp-decision-under-clock,easy,3,stall,loss,37,3333,0,0,0,1,2,77.13,
tp-decision-under-clock,easy,4,stall,loss,37,3333,0,0,0,1,2,77.13,
tp-decision-under-clock,medium,1,stall,loss,33,2973,0,0,0,0,2,74.05,
tp-decision-under-clock,medium,2,stall,loss,33,2973,0,0,0,0,2,74.05,
tp-decision-under-clock,medium,3,stall,loss,33,2973,0,0,0,0,2,74.05,
tp-decision-under-clock,medium,4,stall,loss,33,2973,0,0,0,0,2,74.05,
tp-decision-under-clock,hard,1,stall,loss,33,2973,0,0,0,0,2,74.05,
tp-decision-under-clock,hard,2,stall,loss,33,2973,0,0,0,1,2,77.13,
tp-decision-under-clock,hard,3,stall,loss,33,2973,0,0,0,0,2,74.05,
tp-decision-under-clock,hard,4,stall,loss,33,2973,0,0,0,1,2,77.13,
tp-pressure-procedural,easy,1,stall,loss,30,2703,0,0,0,0,0,6.6,
tp-pressure-procedural,easy,2,stall,loss,30,2703,0,0,0,0,0,6.6,
tp-pressure-procedural,easy,3,stall,loss,30,2703,0,0,0,0,0,6.6,
tp-pressure-procedural,easy,4,stall,loss,30,2703,0,0,0,0,0,6.6,
tp-pressure-procedural,medium,1,stall,loss,30,2703,0,0,0,0,0,6.6,
tp-pressure-procedural,medium,2,stall,loss,30,2703,0,0,0,0,0,6.6,
tp-pressure-procedural,medium,3,stall,loss,30,2703,0,0,0,0,0,6.6,
tp-pressure-procedural,medium,4,stall,loss,30,2703,0,0,0,0,0,6.6,
tp-pressure-procedural,hard,1,stall,loss,30,2703,0,0,0,0,0,7.38,
tp-pressure-procedural,hard,2,stall,loss,30,2703,0,0,0,0,0,7.38,
tp-pressure-procedural,hard,3,stall,loss,30,2703,0,0,0,0,0,7.38,
tp-pressure-procedural,hard,4,stall,loss,30,2703,0,0,0,0,0,7.38,
tp-rush-multi-objective,easy,1,stall,loss,23,2073,0,0,0,0,0,6.8,
tp-rush-multi-objective,easy,2,stall,loss,23,2073,0,0,0,0,0,6.8,
tp-rush-multi-objective,easy,3,stall,loss,23,2073,0,0,0,0,0,6.8,
tp-rush-multi-objective,easy,4,stall,loss,23,2073,0,0,0,0,0,6.8,
tp-rush-multi-objective,medium,1,stall,loss,22,1983,0,0,0,0,0,6.8,
tp-rush-multi-objective,medium,2,stall,loss,22,1983,0,0,0,0,0,6.8,
tp-rush-multi-objective,medium,3,stall,loss,22,1983,0,0,0,0,0,6.8,
tp-rush-multi-objective,medium,4,stall,loss,22,1983,0,0,0,0,0,6.8,
tp-rush-multi-objective,hard,1,stall,loss,22,1983,0,0,0,0,0,6.78,
tp-rush-multi-objective,hard,2,stall,loss,22,1983,0,0,0,0,0,6.3,
tp-rush-multi-objective,hard,3,stall,loss,22,1983,0,0,0,0,0,6.78,
tp-rush-multi-objective,hard,4,stall,loss,22,1983,0,0,0,0,0,6.3,
tp-rush-objective-very-fast,easy,1,stall,loss,40,3603,0,0,0,0,0,6.16,
tp-rush-objective-very-fast,easy,2,stall,loss,40,3603,0,0,0,0,0,6.16,
tp-rush-objective-very-fast,easy,3,stall,loss,40,3603,0,0,0,0,0,6.16,
tp-rush-objective-very-fast,easy,4,stall,loss,40,3603,0,0,0,0,0,6.16,
tp-rush-objective-very-fast,medium,1,stall,loss,37,3333,0,0,0,0,0,6.16,
tp-rush-objective-very-fast,medium,2,stall,loss,37,3333,0,0,0,0,0,6.16,
tp-rush-objective-very-fast,medium,3,stall,loss,37,3333,0,0,0,0,0,6.16,
tp-rush-objective-very-fast,medium,4,stall,loss,37,3333,0,0,0,0,0,6.16,
tp-rush-objective-very-fast,hard,1,stall,loss,37,3333,0,0,0,0,0,5.56,
tp-rush-objective-very-fast,hard,2,stall,loss,37,3333,0,0,0,0,0,5.86,
tp-rush-objective-very-fast,hard,3,stall,loss,37,3333,0,0,0,0,0,5.56,
tp-rush-objective-very-fast,hard,4,stall,loss,37,3333,0,0,0,0,0,5.86,
tp-survive-and-grow,easy,1,stall,loss,27,2433,6500,0,6500,0,2,9.2,
tp-survive-and-grow,easy,2,stall,loss,27,2433,6500,0,6500,0,2,9.2,
tp-survive-and-grow,easy,3,stall,loss,27,2433,6500,0,6500,0,2,9.2,
tp-survive-and-grow,easy,4,stall,loss,27,2433,6500,0,6500,0,2,9.2,
tp-survive-and-grow,medium,1,stall,loss,24,2163,6000,0,6000,0,2,9.45,
tp-survive-and-grow,medium,2,stall,loss,24,2163,6000,0,6000,0,2,9.45,
tp-survive-and-grow,medium,3,stall,loss,24,2163,6000,0,6000,0,2,9.45,
tp-survive-and-grow,medium,4,stall,loss,24,2163,6000,0,6000,0,2,9.45,
tp-survive-and-grow,hard,1,stall,loss,20,1803,5500,0,5500,0,2,9.38,
tp-survive-and-grow,hard,2,stall,loss,20,1803,5500,0,5500,0,2,9.38,
tp-survive-and-grow,hard,3,stall,loss,20,1803,5500,0,5500,0,2,9.38,
tp-survive-and-grow,hard,4,stall,loss,20,1803,5500,0,5500,0,2,9.38,
tp-survive-and-strike-at-window,easy,1,stall,loss,47,4233,0,0,0,0,0,9.42,
tp-survive-and-strike-at-window,easy,2,stall,loss,47,4233,0,0,0,0,0,9.42,
tp-survive-and-strike-at-window,easy,3,stall,loss,47,4233,0,0,0,0,0,9.42,
tp-survive-and-strike-at-window,easy,4,stall,loss,47,4233,0,0,0,0,0,9.42,
tp-survive-and-strike-at-window,medium,1,stall,loss,40,3603,0,0,0,0,0,9.42,
tp-survive-and-strike-at-window,medium,2,stall,loss,40,3603,0,0,0,0,0,9.42,
tp-survive-and-strike-at-window,medium,3,stall,loss,40,3603,0,0,0,0,0,9.42,
tp-survive-and-strike-at-window,medium,4,stall,loss,40,3603,0,0,0,0,0,9.42,
tp-survive-and-strike-at-window,hard,1,stall,loss,37,3333,0,0,0,0,0,9.38,
tp-survive-and-strike-at-window,hard,2,stall,loss,37,3333,0,0,0,0,0,9.42,
tp-survive-and-strike-at-window,hard,3,stall,loss,37,3333,0,0,0,0,0,9.38,
tp-survive-and-strike-at-window,hard,4,stall,loss,37,3333,0,0,0,0,0,9.42,
tp-survive-n-turns,easy,1,stall,loss,30,2703,0,0,0,56,0,9.11,
tp-survive-n-turns,easy,2,stall,loss,30,2703,0,0,0,56,0,9.11,
tp-survive-n-turns,easy,3,stall,loss,30,2703,0,0,0,56,0,9.11,
tp-survive-n-turns,easy,4,stall,loss,30,2703,0,0,0,56,0,9.11,
tp-survive-n-turns,medium,1,stall,loss,33,2973,0,0,0,58,0,9.11,
tp-survive-n-turns,medium,2,stall,loss,33,2973,0,0,0,58,0,9.11,
tp-survive-n-turns,medium,3,stall,loss,33,2973,0,0,0,58,0,9.11,
tp-survive-n-turns,medium,4,stall,loss,33,2973,0,0,0,58,0,9.11,
tp-survive-n-turns,hard,1,stall,loss,24,2163,0,0,0,18,0,9.03,
tp-survive-n-turns,hard,2,stall,loss,38,3423,0,0,0,46,0,9.11,
tp-survive-n-turns,hard,3,stall,loss,24,2163,0,0,0,18,0,9.03,
tp-survive-n-turns,hard,4,stall,loss,38,3423,0,0,0,46,0,9.11,
